smiles,S0_G4,Cv_G4,S0_Exp,Cv_Exp
Br,198.3893,20.7903,198.7,
BrBr,239.6588,27.6353,245.42399999999998,
BrC#C,216.4239,44.8692,254.0,
BrC#N,247.2095,38.0493,,38.686
BrC(Br)(Br)Br,359.2369,83.5711,358.0,
BrC(Br)Br,332.1755,63.2536,331.0,62.8
BrC(Br)C(Br)Br,410.9665,102.6829,400.0,99.3
BrC=C,275.5294,46.5637,276.0,47.2
BrCBr,294.0355,46.3963,293.0,46.9
BrCC=C,317.5693,69.4662,317.0,69.3
BrCCBr,333.6547,70.077,330.0,78.2
C,186.1383,27.0621,187.45499999999998,27.4
C#C,197.7864,37.4091,201.0,35.7
C#CC#C,242.5559,64.9388,250.0,65.4
C#CC#N,248.8562,54.9391,,56.3
C#CC=O,274.5168,55.437,,55.286
C#N,201.0399,26.2713,202.0,27.6
C/1=C/C=C\C=C/C=C1,326.0851,112.0464,327.0,114.8
C/C=C(/C)C(C)(C)C,420.5299,169.9574,,165.686
C/C=C(/C)C(C)C,410.905,146.1839,409.0,143.3
C/C=C(/C)C=C,355.9583,114.0843,372.0,116.4
C/C=C/C#C,311.8364,86.704,300.0,94.2
C/C=C/C#N,306.6233,77.4657,,76.686
C/C=C/C(C)(C)C,389.4713,146.824,,142.686
C/C=C/C(C)=C,353.2409,113.5069,365.0,116.8
C/C=C/C(C)C,367.541,122.7451,370.0,130.0
C/C=C/C(O)=O,341.3923,95.9718,354.0,95.3
C/C=C/C=C,324.868,91.0346,325.0,94.1
C/C=C/C=O,320.7385,82.4993,,85.7
C/C=C/CO,335.5901,94.2731,,91.5
C/C=C/Cl,297.5972,68.1814,300.0,63.8
C/C=C/F,285.8148,64.3196,298.0,60.1
C/C=N/O,286.3784,67.194,,64.686
C1=C/C=C\C=C/C=C1,326.0851,112.0464,326.8,114.286
C1=CC=C1,253.3568,56.1064,,52.686
C1=CCC=C1,273.8522,66.0978,274.47,
C1=CCCC=CCC1,346.9153,124.4645,,129.98600000000002
C1=CCCCC/C=C\1,348.6952,124.0963,,130.48600000000002
C1=CCCCCCC1,354.466,130.7782,,134.586
C1=CCOCC1,306.2534,84.3651,,86.286
C1=CCOCOC1,324.9608,97.1639,,109.386
C1=CCOOC1,296.0785,80.3108,,78.58600000000001
C1=COC=CO1,290.4474,73.767,,72.98599999999999
C1=COCCC1,305.6986,84.1266,,83.886
C1=COCCO1,295.5502,77.9803,,77.786
C1C=C1,242.5823,43.1988,,44.5
C1C=CC=C1,273.8522,66.0978,,66.686
C1C=CC=CC=C1,316.4947,96.5949,316.0,97.9
C1C=CCC=C1,294.4542,84.6287,299.0,86.6
C1CC1,237.3402,47.0731,238.0,47.3
C1CC=C1,262.1492,56.1399,262.0,56.1
C1CC=CC1,291.4594,72.1855,291.0,72.8
C1CC=CC=C1,292.3495,84.8588,303.0,86.5
C1CC=CC=CC1,334.8199,104.0173,,109.4
C1CC=CO1,294.9554,65.9555,281.0,67.2
C1CC=CS1,299.0854,73.8842,304.0,
C1CCC1,264.4787,62.3322,265.0,62.3
C1CCC=CC1,304.5146,90.9382,311.0,93.0
C1CCC=CCC1,337.7963,111.2933,332.0,115.5
C1CCCC1,283.8934,78.7795,293.0,74.6
C1CCCCC1,298.6472,96.7999,297.0,97.8
C1CCCCCC1,337.4665,117.5149,343.0,123.5
C1CCCCCCC1,362.0567,137.1755,366.8,137.686
C1CCCOCC1,341.5389,111.0172,,113.386
C1CCCOCCC1,357.9856,130.5188,,139.686
C1CCC\C=C/CC1,354.466,130.7782,351.0,134.1
C1CCNC1,301.4013,74.9971,310.0,72.8
C1CCNCC1,310.7621,93.4444,337.0,117.7
C1CCOC1,298.7555,71.8801,299.0,68.2
C1CCOCC1,309.406,89.9717,,90.786
C1CCOCOC1,335.4451,102.8709,338.6,105.286
C1CCOCOCC1,353.3694,122.77,,131.386
C1CCSC1,301.1771,79.7794,310.0,83.0
C1CCSCC1,324.3673,99.1095,323.0,100.6
C1CN1,249.9305,42.5879,251.0,43.1
C1CNCCN1,296.3739,90.0344,,110.686
C1CO1,242.5647,39.2449,243.0,39.5
C1COC1,273.7114,54.8261,265.0,52.8
C1COCCN1,306.72,86.6412,,108.0
C1COCCO1,299.4247,83.2103,300.0,83.9
C1COCOC1,304.2897,82.4237,303.0,81.2
C1COCOCCO1,352.8005,117.1174,,121.686
C1COO1,270.8142,50.504,,48.386
C1COOC1,286.4095,67.1019,,68.686
C1COOO1,289.8655,63.1146,,69.686
C1CS1,255.2805,45.2322,255.0,45.2
C1CSC1,286.8979,62.1355,,59.686
C1CSCS1,325.6265,81.679,323.0,
C1CSCSC1,335.0841,101.7789,334.0,
C1OCC=C1,283.4684,65.5162,285.0,67.3
C1OCOCO1,289.1409,74.198,287.0,74.0
C1OCOCOCO1,345.6601,108.034,345.6,107.98599999999999
C1OCOO1,274.6495,59.8804,,60.586000000000006
C1SCC=C1,295.8407,73.7378,297.0,
C=C,219.0135,33.882,219.0,34.6
C=C=C=C,267.1468,64.9681,,72.98599999999999
C=C=O,241.4376,42.706,246.0,42.5
C=CC#C,277.8983,64.1062,280.0,64.9
C=CC#N,272.8437,55.1106,,55.686
C=CC(=O)O,308.4834,73.8133,,73.48599999999999
C=CC(C)=O,322.0003,84.1729,320.34,
C=CC=C,285.1935,68.6001,279.0,71.3
C=CC=O,287.019,60.2446,289.0,63.0
C=CCC#C,319.2627,86.5578,307.0,85.9
C=CCC#N,314.1527,77.6375,,78.686
C=CCC=C,335.7045,91.2316,334.0,95.8
C=COC=C,328.4292,84.4033,334.0,78.2
C=COC=O,320.3232,74.7131,305.0,65.2
C=O,218.5157,26.832,219.0,27.1
C=S,230.7383,29.5055,211.0,
CBr,245.9477,34.0494,245.0,34.1
CC,227.9002,42.2416,229.0,44.2
CC#C,248.1403,52.233,248.0,52.4
CC#CC,298.5768,73.8424,283.0,69.5
CC#CC#C,293.6379,84.1643,,84.0
CC#CC(C)(C)C,384.7207,141.1084,380.0,138.0
CC#CC(C)C,374.658,116.2304,361.0,115.2
CC#CC=C,304.8621,76.7837,313.0,83.6
CC#N,242.3636,43.0366,243.0,43.9
CC(=C)C#C,310.4451,87.0805,280.0,87.6
CC(=C)C#N,305.6458,78.0515,,82.9
CC(=C)C(C)(C)C,391.8754,146.4475,378.0,150.4
CC(=C)C(C)=C,340.934,113.0718,348.0,122.1
CC(=C)C(C)=O,351.5775,107.0761,360.0,95.9
CC(=C)C(O)=O,339.7505,97.0219,351.0,90.7
CC(=C)C=C,319.6965,90.997,315.0,94.3
CC(=C)C=O,319.7912,83.039,334.0,81.3
CC(=C)CC(C)(C)C,420.8574,168.9827,406.0,169.0
CC(=C)CC=C,365.631,113.9214,,122.1
CC(=O)C(C)(C)C,389.2688,140.7656,,135.0
CC(=O)CC(C)(C)O,415.2007,155.3848,438.0,151.9
CC(=O)CC(C)=O,388.0159,122.3145,362.0,105.9
CC(=O)CO,339.891,88.5033,343.0,79.7
CC(=O)OC(C)(C)C,420.373,155.6609,407.0,147.3
CC(=O)OC(C)=O,391.1743,115.1347,389.95,96.8
CC(=O)OC=C,360.0606,99.3903,328.0,90.8
CC(Br)=C,306.4736,69.6091,346.0,69.9
CC(Br)Br,328.0041,70.2325,328.0,71.6
CC(Br)CBr,366.4977,93.6622,377.0,94.7
CC(C)(C)Br,331.2509,102.5037,333.0,108.2
CC(C)(C)C,307.9423,109.3906,306.0,112.4
CC(C)(C)C#C,335.8917,120.0588,336.0,115.2
CC(C)(C)C#N,331.4887,111.2891,331.0,116.2
CC(C)(C)C(=O)C(C)(C)C,467.9123,209.4796,,207.7
CC(C)(C)C(C)(C)C,393.3924,178.9864,390.0,180.8
CC(C)(C)C=C,356.1055,124.2723,342.0,118.2
CC(C)(C)C=O,358.6241,117.0465,,116.0
CC(C)(C)CBr,377.9267,125.1635,,125.8
CC(C)(C)CC#C,380.0049,142.2384,383.0,144.1
CC(C)(C)CC(C)(C)C,441.8907,201.1033,430.16,203.686
CC(C)(C)CO,361.7238,127.1969,370.0,125.2
CC(C)(C)Cl,319.6359,100.7757,318.0,104.4
CC(C)(C)F,312.2917,97.6084,305.0,101.0
CC(C)(C)N,326.0492,108.2013,,112.1
CC(C)(C)O,325.7674,105.8332,327.0,105.4
CC(C)(C)OC(C)(C)C,439.3722,197.526,,196.686
CC(C)(C)OC=O,385.8009,132.2598,372.0,125.2
CC(C)(C)OO,361.3803,124.5066,364.0,124.2
CC(C)(C)S,338.3247,111.4648,338.0,114.1
CC(C)(CO)CO,389.8679,144.1549,410.0,139.2
CC(C)(Cl)Cl,323.4298,92.1902,325.0,97.4
CC(C)=C,290.1961,76.814,293.0,79.8
CC(C)=C(C)C,363.4576,124.8453,365.0,116.7
CC(C)=C=O,312.2286,84.0471,,86.8
CC(C)=CC(C)(C)C,419.3763,170.3716,409.0,171.3
CC(C)=CC(C)=O,390.6249,129.5651,398.0,140.5
CC(C)=CC=C,355.7917,113.9148,374.0,114.9
CC(C)=O,298.2976,70.6802,295.0,66.2
CC(C)Br,315.4733,77.5043,316.0,80.6
CC(C)C,294.4949,84.8723,295.0,88.4
CC(C)C#C,319.3391,95.2268,,98.686
CC(C)C#N,314.6367,86.4194,314.0,90.9
CC(C)C(=C)C(C)C,428.7907,167.5183,440.0,169.9
CC(C)C(=O)C(C)C,429.2634,160.9997,441.0,141.2
CC(C)C(C)(C)C,399.0082,155.2966,,154.5
CC(C)C(C)(C)C(C)C,453.8492,200.8229,,208.686
CC(C)C(C)(C)C=C,420.8175,169.7819,426.0,169.6
CC(C)C(C)=C,366.0726,122.7828,373.0,126.2
CC(C)C(C)=C(C)C,434.7867,170.1749,467.0,166.3
CC(C)C(C)=O,368.1418,116.1219,,104.2
CC(C)C(C)Br,381.0538,123.9669,383.0,125.7
CC(C)C(C)C,365.3666,130.678,366.0,130.7
CC(C)C(C)C#C,384.436,140.5355,392.0,144.0
CC(C)C(C)C(C)(C)C,450.5334,199.0991,,195.686
CC(C)C(C)C(C)=C,427.527,168.0664,423.0,170.0
CC(C)C(C)C(C)C,437.166,176.0997,428.0,182.8
CC(C)C(C)C=C,400.2371,145.5942,399.0,146.8
CC(C)C(C)O,365.7112,125.9836,388.6,126.1
CC(C)C(O)=O,355.1298,105.5489,,95.8
CC(C)C(O)C(C)C,428.5994,171.217,,170.1
CC(C)C=C,333.692,100.252,334.0,105.3
CC(C)C=C(C)C,401.9582,145.8324,393.0,143.3
CC(C)C=O,332.2414,92.1643,323.0,90.8
CC(C)CBr,354.0637,100.5574,,103.0
CC(C)CC#C,356.4401,117.6574,357.0,121.3
CC(C)CC(C)(C)C,431.0547,177.2461,423.0,179.5
CC(C)CC(C)=C,403.1277,144.8704,399.0,147.2
CC(C)CC(C)=O,405.3161,138.5609,413.0,138.7
CC(C)CC(C)C,404.6328,153.1045,397.0,161.9
CC(C)CC(C)O,407.3354,148.2134,,142.686
CC(C)CC(O)=O,392.8849,127.8499,390.0,127.9
CC(C)CC=C,373.2559,122.2642,368.0,120.2
CC(C)CC=O,373.4917,114.6201,,114.686
CC(C)CCBr,396.5495,122.804,392.0,125.9
CC(C)CCCl,384.0962,120.5781,401.0,125.6
CC(C)CCO,380.7269,124.578,390.0,122.8
CC(C)CCS,393.3892,130.8707,401.0,132.9
CC(C)CCl,342.4853,98.7583,344.0,100.3
CC(C)CN,339.8847,105.733,,106.686
CC(C)CO,338.9833,102.8586,349.0,102.9
CC(C)CS,357.3815,109.1681,363.0,111.9
CC(C)Cl,303.8494,75.7931,306.0,79.1
CC(C)F,293.8458,72.1697,293.0,75.0
CC(C)N,300.4415,83.3442,312.0,89.3
CC(C)NC(C)C,414.9398,151.2175,412.0,150.6
CC(C)O,299.1558,80.6079,312.0,81.1
CC(C)OC(C)=O,400.8367,130.4147,,121.686
CC(C)OC(C)C,403.1181,148.0209,399.0,151.3
CC(C)S,314.1523,86.7416,324.0,87.8
CC(C)SC(C)C,424.9745,156.004,,161.6
CC(C)[CH]=[C]=[CH2],358.8499,115.9127,359.0,114.9
CC(C=C)C(C)(C)C,424.5094,170.104,400.0,169.6
CC(C=C)C=C,364.3689,114.9632,363.0,122.1
CC(CO)CO,363.9034,115.892,,113.686
CC(Cl)(Cl)Cl,321.08,83.7845,321.0,84.3
CC(Cl)=C,294.7881,67.7682,,70.1
CC(Cl)=O,294.6472,60.4922,295.0,59.6
CC(Cl)CCl,343.1482,89.9175,355.0,91.3
CC(Cl)Cl,304.5275,66.6762,305.0,68.3
CC(F)(Cl)Cl,319.7706,79.2365,319.0,80.2
CC(F)(F)C(F)(F)F,369.6315,114.5864,357.0,109.6
CC(F)(F)Cl,308.5077,74.1111,307.0,74.7
CC(F)(F)F,287.2916,68.5464,282.0,70.1
CC(F)=C,283.992,64.1197,296.0,68.1
CC(F)=O,282.2924,55.0907,,53.9
CC(F)CF,322.9879,82.0432,325.0,88.1
CC(F)Cl,293.6609,62.5884,301.0,64.5
CC(F)F,281.8257,57.8144,283.0,59.8
CC(N)=O,303.5324,70.1311,278.0,57.0
CC(N)CN,334.3307,102.7289,,104.686
CC(O)=O,288.0339,60.6921,283.0,55.2
CC(O)C(C)C(C)O,426.5256,166.2297,,159.686
CC(O)C(C)O,355.7357,118.6323,387.0,116.3
CC(O)C(O)CO,384.7975,132.1636,,131.686
CC(O)C=C,328.0596,94.6664,,72.9
CC(O)CC(C)(C)O,414.0073,164.6272,,164.686
CC(O)CC(C)O,403.9181,143.1675,403.0,140.0
CC(O)CCO,364.7949,116.62,,114.686
CC(O)CCl,340.5867,94.0931,365.0,
CC(O)CO,328.3813,95.2981,314.0,93.7
CC/C=C/Cl,337.3265,90.2397,,87.686
CC=C,264.795,54.3083,267.0,56.2
CC=C(C)C,332.2398,100.6367,,96.7
CC=C=O,285.5683,62.0058,,63.086000000000006
CC=O,262.162,46.9402,264.0,46.8
CCBr,287.1005,54.2371,287.0,55.9
CCC,269.0706,62.0445,270.0,65.3
CCC#C,290.1561,72.4574,290.0,73.0
CCC#CC,346.3117,93.3691,,90.3
CCC#N,284.943,63.4953,285.0,65.5
CCC(=C)C(C)(C)C,421.9571,168.4095,420.0,170.0
CCC(=C)C(C)C,402.5056,144.7574,398.0,147.2
CCC(=C)C=C,357.2874,112.9716,376.0,122.1
CCC(=C)CC,379.5821,121.6534,377.0,121.5
CCC(=O)CC,382.2826,115.8837,370.0,121.5
CCC(=O)OC,373.902,106.6538,360.0,103.0
CCC(Br)CC,393.205,123.691,392.0,125.9
CCC(C(C)C)C(C)C,469.6929,198.2584,,195.686
CCC(C)(C)C,367.4124,132.5148,358.0,132.8
CCC(C)(C)C#C,382.876,142.5103,384.0,144.1
CCC(C)(C)C(C)(C)C,442.8018,201.4254,,203.786
CCC(C)(C)C(C)=C,423.0642,168.9451,423.0,170.0
CCC(C)(C)C(C)C,431.4609,177.6311,427.0,178.0
CCC(C)(C)C=C,394.0228,146.7532,378.0,146.9
CCC(C)(C)CC,404.7611,154.6986,391.0,156.9
CCC(C)(C)F,359.9273,120.7703,344.0,120.0
CCC(C)(C)O,364.2111,128.222,362.8,133.6
CCC(C)(C)OC,406.5581,149.0,408.0,151.7
CCC(C)(CC)C#C,420.2607,165.0791,,161.2
CCC(C)(CC)C=C,431.8949,169.3763,,169.8
CCC(C)(CC)CC,441.477,177.3635,425.0,179.2
CCC(C)(O)CC,401.6508,150.5983,,146.686
CCC(C)=C,335.3262,99.6411,340.0,101.7
CCC(C)=C(C)C,404.8729,146.6734,422.0,143.6
CCC(C)=O,344.8553,93.6496,340.0,94.4
CCC(C)Br,354.1753,100.98,362.0,104.4
CCC(C)C,343.3415,108.0049,344.0,110.5
CCC(C)C#C,358.2811,117.6198,364.0,121.3
CCC(C)C(C)(C)C,431.3805,177.7524,424.0,176.7
CCC(C)C(C)=C,403.3335,145.2051,,147.2
CCC(C)C(C)=O,406.7768,138.4187,,132.686
CCC(C)C(C)C,411.6446,153.2593,415.0,151.9
CCC(C)C=C,373.4643,122.6785,377.0,136.2
CCC(C)C=O,372.1381,115.0678,368.0,115.3
CCC(C)CBr,395.3553,123.0299,,125.686
CCC(C)CC,383.9106,130.4649,383.0,132.3
CCC(C)CF,373.1139,117.1263,373.0,120.1
CCC(C)CO,380.2932,124.7663,,123.3
CCC(C)N,339.9777,105.7456,,107.686
CCC(C)O,338.6195,103.1055,355.37,104.686
CCC(C)OC,380.8311,123.8667,,127.4
CCC(C)S,353.2087,109.3605,,109.686
CCC(C=C)C(C)C,440.7214,167.9705,443.0,169.7
CCC(CC)(CC)CC,466.6259,199.7398,436.52,203.686
CCC(CC)=C(C)C,433.5289,168.4597,471.0,166.5
CCC(CC)=CC,408.695,144.8034,408.0,143.5
CCC(CC)C#C,397.173,140.0588,398.0,144.2
CCC(CC)C(C)(C)C,463.8782,199.4467,,192.686
CCC(CC)C(C)=C,441.1088,167.6692,441.0,170.1
CCC(CC)C(C)C,448.0471,175.8615,444.0,183.7
CCC(CC)C=C,413.4354,145.2514,409.0,145.4
CCC(CC)CC,422.9619,152.5483,412.0,157.686
CCC(CC)CO,417.9293,146.7911,436.0,146.3
CCC(CO)(CO)CO,439.0271,171.2008,,173.686
CCC(N)CC,379.4393,128.5151,,132.686
CCC(N)CO,368.3469,119.9003,385.0,117.5
CCC(O)(CC)CC,435.574,172.3427,441.0,170.4
CCC(O)=O,327.1938,82.9428,310.0,81.0
CCC(O)CC,377.4791,125.4273,382.0,127.3
CCC(O)CO,369.3057,118.2351,,115.686
CCC=C,304.3384,77.0852,308.0,77.3
CCC=C(C)C,372.8369,122.5192,,119.686
CCC=O,302.3395,69.3741,305.0,72.3
CCCBr,326.963,77.2651,331.0,78.0
CCCC,308.0965,85.2022,,90.2
CCCC#C,329.607,94.4153,330.0,99.3
CCCC#N,324.5308,85.4741,326.0,90.2
CCCC(C)(C)C,407.9478,154.891,393.0,157.9
CCCC(C)=C,376.427,121.6408,,127.686
CCCC(C)=O,381.3091,115.4443,379.0,115.1
CCCC(C)Br,394.7184,123.3563,392.0,125.9
CCCC(C)C,383.6231,130.3645,381.0,133.5
CCCC(C)O,379.4736,125.4148,392.0,123.686
CCCC(C)S,393.4558,131.2808,406.0,133.3
CCCC(O)=O,365.0497,104.7082,357.0,107.1
CCCC=C,345.0161,99.4322,347.0,102.7
CCCC=O,341.8833,91.5621,344.8,96.0
CCCCBr,367.3382,99.5912,,102.6
CCCCC,349.9629,107.5115,349.0,111.6
CCCCCl,356.0104,97.7795,,101.6
CCCCN,352.4912,105.2186,364.0,111.2
CCCCO,351.6052,101.8254,362.0,99.6
CCCCS,366.4006,108.1098,375.0,111.1
CCCCl,315.2994,75.466,317.0,76.0
CCCF,304.2099,71.4703,304.0,73.8
CCCN,312.6848,82.8591,325.0,84.3
CCCO,311.0927,79.5872,323.0,77.2
CCCOC,351.2182,99.6581,352.0,104.2
CCCS,325.8175,86.1268,337.0,86.6
CCC[C@@H](C)O,379.4736,125.4148,,124.4
CCC[C@H](C)O,379.4736,125.4148,391.0,124.4
CCCl,275.4414,52.505,276.0,54.5
CCF,264.0905,48.7059,265.0,51.0
CCN,272.2889,60.4578,,63.5
CCN(C)CC,381.1191,125.7244,,128.2
CCN(CC)CC,419.3304,149.0379,405.0,155.5
CCN(O)CC,371.8251,122.4065,,115.686
CCNC,312.2399,81.4951,336.0,83.7
CCNCC,352.6667,104.0681,352.0,109.3
CCO,270.7654,57.5499,281.0,57.0
CCOC,311.1043,77.7003,309.0,84.7
CCOC(C)(C)C,410.255,149.5941,402.0,148.7
CCOC(C)=O,376.2024,107.0512,360.0,107.4
CCOC=C,334.3055,91.9219,,89.5
CCOC=O,330.4819,81.8343,328.0,80.9
CCOCC,352.085,100.5075,342.2,110.3
CCON=O,328.8494,81.5665,,69.6
CCOO,309.1876,76.0852,,74.326
CCO[S](O)(=O)=O,387.0753,120.0216,360.0,
CCS,286.625,63.6878,294.0,64.6
CCSC,331.1516,87.1686,333.0,86.8
CCSCC,366.6198,109.6118,368.0,108.4
CC[C@@H](C)CBr,395.3553,123.0299,392.0,125.9
CC[C@@H](C)Cl,342.6081,99.206,360.0,103.8
CC[C@@H](C)O,338.6195,103.1055,349.0,105.3
CC[C@H](C)CBr,395.3553,123.0299,386.0,128.0
CC[C@H](C)N,339.9777,105.7456,353.0,107.7
CC[C@H](C)O,338.6195,103.1055,,105.3
CC[C@H](C)S,353.2087,109.3605,366.0,109.9
CC[CH]=[C]=[CH2],330.062,92.499,335.0,92.5
CC[C](C)=[C]=[CH2],362.3992,116.0717,366.0,114.9
CC[S](Cl)(=O)=O,361.292,103.9757,341.0,95.686
CC\C(C)=C/C,375.417,122.8163,379.0,121.2
CC\C(C)=C\C,375.417,122.8163,382.0,118.3
CC\C=C/C,338.1133,99.4403,,94.1
CC\C=C/Cl,337.3265,90.2397,,87.686
CC\C=C\C,338.1133,99.4403,343.0,102.0
CCl,234.359,32.3465,234.0,32.6
CF,222.4886,28.7315,223.0,29.1
CN,240.3321,39.7145,243.0,42.5
CN(C)C,288.9735,78.9269,288.0,83.5
CN(C)C(C)=O,363.5466,110.5906,351.0,101.9
CN(C)C=O,326.4999,86.1477,326.0,86.4
CN(C)CCO,367.1426,116.6284,384.0,117.5
CN=C=O,293.4319,55.6545,,46.686
CNC,271.8045,58.0739,272.0,62.3
CNC(=O)NC,374.4148,110.6076,345.0,
CNC(C)=O,346.4288,90.5158,320.0,67.7
CNC(N)=O,327.7925,87.6874,306.0,75.6
CNC=O,284.2738,65.939,281.0,55.2
CO,237.9456,36.5974,240.0,35.8
COC,264.3771,54.0614,,57.0
COC(=O)C(C)=C,384.606,120.6367,401.0,107.7
COC(=O)C(C)C,400.9219,129.3059,,118.686
COC(=O)C(C)O,393.9062,124.0927,,116.686
COC(=O)C=C,352.9749,97.1854,366.0,91.0
COC(=O)CCl,374.076,97.085,373.0,90.5
COC(=O)OC,355.0464,97.4908,322.0,91.5
COC(C)(C)C,368.1521,126.6697,357.8,125.2
COC(C)=O,335.9311,84.3821,,77.3
COC(C)C,341.6902,101.457,342.0,104.4
COC(C)OC,373.4758,116.2644,373.0,
COC(Cl)=O,323.8406,74.7798,,73.686
COC(F)(F)C(F)(F)F,407.3138,129.4398,,
COC=C,294.9054,68.8678,308.0,68.8
COC=O,299.6418,60.8848,291.0,57.4
COCC(C)C,378.8141,122.9504,,122.686
COCC(C)O,371.2462,116.3313,,113.686
COCCO,343.6571,92.516,359.0,91.5
COCOC,339.9292,91.6291,336.0,83.2
CON=O,290.227,58.8974,285.0,54.9
COO,269.559,53.1818,279.0,54.686
COOC,289.37,65.4119,,72.686
CS,253.7964,42.6935,255.0,42.0
CSC,284.5779,63.8812,286.0,65.8
CSC#N,298.1431,64.6334,,64.4
CSC(C)C,358.8354,110.3563,361.0,110.1
CSSC,338.2959,88.6247,336.0,85.9
C[C@@H](O)CCO,364.7949,116.62,375.0,114.6
C[C@@H](O)CN,334.3824,100.411,363.0,97.7
C[C@@H](O)CO,328.3813,95.2981,,91.4
C[C@@H](O)[C@@H](C)O,355.7357,118.6323,,114.6
C[C@@H](O)[C@H](C)O,355.7357,118.6323,,114.6
C[C@H](O)CCO,364.7949,116.62,375.0,114.6
C[C@H](O)CO,328.3813,95.2981,308.0,91.4
C[C@H](O)[C@H](C)O,355.7357,118.6323,375.0,114.6
C[CH]=[C]=[CH2],289.9977,70.6709,293.0,71.3
C[CH]=[C]=[CH]C,319.9515,92.2812,329.0,94.2
C[CH]=[C]=[C](C)C,357.5305,115.9668,364.0,122.1
C[C](C)=[C]=[CH2],316.2353,93.8,322.0,94.7
C[S](C)(=O)=O,317.3713,90.776,311.0,
C[S](C)=O,308.7631,79.9687,306.0,81.7
C[S](Cl)(=O)=O,321.8664,80.3955,313.0,75.7
C[S](O)(=O)=O,316.1865,84.2982,,66.1
C\1C\C=C/CC\C=C1,346.9153,124.4645,351.0,130.6
C\C(Cl)=C/CCl,370.4945,103.9548,353.0,105.3
C\C(Cl)=C\CCl,370.4945,103.9548,,104.686
C\C=C(/C)C(C)C,410.905,146.1839,,146.9
C\C=C(/C)C=C,355.9583,114.0843,374.0,114.9
C\C=C/Br,309.406,69.9512,,59.686
C\C=C/C,292.6353,77.4239,301.0,71.9
C\C=C/C#C,311.8364,86.704,300.0,88.8
C\C=C/C#N,306.6233,77.4657,,75.686
C\C=C/C(C)(C)C,389.4713,146.824,,142.686
C\C=C/C(C)=C,353.2409,113.5069,374.0,114.9
C\C=C/C(C)C,367.541,122.7451,373.0,127.9
C\C=C/C(O)=O,341.3923,95.9718,359.0,100.2
C\C=C/C=C,324.868,91.0346,323.0,88.8
C\C=C/CO,335.5901,94.2731,,93.0
C\C=C/Cl,297.5972,68.1814,300.0,59.4
C\C=C/F,285.8148,64.3196,298.0,60.1
C\C=C\Br,309.406,69.9512,,66.686
C\C=C\C,292.6353,77.4239,296.0,79.4
Cl,186.5893,20.7861,186.901,
ClBr,239.9622,26.6269,239.99,
ClC#C,241.5385,45.7353,242.0,
ClC#CCl,239.7204,53.7717,272.03,
ClC#N,226.4891,34.0619,236.0,36.7
ClC(=O)C(Cl)(Cl)Cl,386.1955,105.5698,365.0,101.9
ClC(Cl)(Cl)Br,334.8261,77.7135,,76.686
ClC(Cl)(Cl)C#N,333.8751,86.2479,337.0,
ClC(Cl)(Cl)C(Cl)(Cl)Cl,400.5866,131.2596,398.0,129.4
ClC(Cl)(Cl)C=O,358.3951,91.5367,349.0,88.8
ClC(Cl)(Cl)Cl,311.1917,75.7219,310.0,75.0
ClC(Cl)=C,288.25,58.3918,289.0,58.1
ClC(Cl)=C(Cl)Cl,341.9975,87.3274,341.0,87.0
ClC(Cl)=O,283.9263,49.5552,284.0,49.4
ClC(Cl)C(Cl)(Cl)Cl,393.39,113.0676,382.0,109.7
ClC(Cl)C(Cl)Cl,365.6912,95.6998,360.0,91.2
ClC(Cl)Cl,296.5643,57.6889,296.0,57.3
ClC/C=C/Cl,338.4228,80.7295,338.0,80.8
ClC=C,263.8704,44.7771,271.0,45.4
ClC=C(Cl)Cl,325.3535,72.3152,325.0,71.9
ClCBr,288.1308,44.6349,287.0,45.1
ClCC#C,291.3714,62.964,288.0,62.4
ClCC(Cl)(Cl)Cl,367.6502,97.9926,356.0,94.5
ClCC(Cl)=O,332.7424,74.0225,,70.686
ClCC(Cl)C=C,374.6029,104.7626,371.0,105.7
ClCC(Cl)CCl,380.5599,102.2689,383.0,105.1
ClCC(Cl)Cl,343.6048,80.7127,,77.8
ClCC=C,305.6955,67.7047,307.0,66.8
ClCC=O,305.8601,60.3367,304.0,57.7
ClCCCCl,347.9434,87.83,368.0,92.5
ClCCCl,310.3101,66.37,308.0,69.5
ClCCl,270.6205,42.8483,270.0,42.8
ClC\C=C/Cl,338.4228,80.7295,,79.7
ClCl,217.1772,25.5642,223.0805,
ClOCl,268.1372,39.6141,267.89,
ClSCl,282.4205,42.9111,281.6,41.686
ClSSCl,325.0605,67.4076,327.19,
Cl[S](Cl)(=O)=O,314.5446,70.0694,,68.7
Cl[S](Cl)=O,309.7054,58.5341,,57.686
Cl\C=C/Cl,290.8301,58.7507,290.0,56.7
Cl\C=C\Cl,290.8301,58.7507,290.0,58.3
F,173.5213,20.7861,173.77949999999998,
F/N=N/F,269.627,44.9017,262.63,
F/N=N\F,269.627,44.9017,259.8,
FBr,228.6906,24.4011,228.93,
FC#C,209.6873,41.8525,232.0,
FC#CF,250.8511,50.1735,244.06,
FC#N,223.09,32.0536,225.0,33.6
FC(C(F)(F)F)C(F)(F)F,415.4945,131.8707,394.0,128.2
FC(Cl)(Cl)C(Cl)(Cl)Cl,406.185,125.9292,392.0,121.9
FC(Cl)(Cl)C(F)(Cl)Cl,391.792,120.8707,386.0,115.6
FC(Cl)(Cl)Cl,311.0589,70.3497,310.0,69.8
FC(Cl)Br,305.9804,54.9191,304.0,54.9
FC(Cl)C(F)(F)Cl,364.7706,98.273,358.0,95.0
FC(Cl)C(F)(F)F,353.772,92.6748,349.0,90.8
FC(Cl)Cl,293.8987,52.915,293.25,52.686
FC(F)(Cl)Br,320.2813,66.8017,318.0,66.3
FC(F)(Cl)C(Cl)(Cl)Cl,396.5425,120.377,,115.0
FC(F)(Cl)C(F)(Cl)Cl,387.7893,115.4817,387.0,115.4
FC(F)(Cl)C(F)(F)Cl,372.7448,110.2978,364.0,108.4
FC(F)(Cl)Cl,302.225,64.6385,301.0,64.1
FC(F)(F)Br,298.5016,60.9441,297.0,61.0
FC(F)(F)C#C,302.8606,78.0389,,77.7
FC(F)(F)C(=O)C(F)(F)F,411.246,129.7536,393.0,110.7
FC(F)(F)C(Cl)(Cl)Cl,377.6423,114.7161,370.0,111.7
FC(F)(F)C(Cl)Br,374.8006,98.683,366.0,
FC(F)(F)C(Cl)Cl,363.3881,96.863,353.0,94.2
FC(F)(F)C(F)(Cl)Cl,377.8211,109.9379,367.0,107.4
FC(F)(F)C(F)(F)C(F)(F)F,425.3443,144.5022,414.0,137.9
FC(F)(F)C(F)(F)Cl,368.1873,104.8418,358.0,101.4
FC(F)(F)C(F)(F)F,342.8635,99.5365,334.0,98.1
FC(F)(F)C=C,325.769,83.583,,83.2
FC(F)(F)CC(F)(F)F,390.3935,120.9212,381.0,116.3
FC(F)(F)CCl,336.0544,82.1186,327.0,80.9
FC(F)(F)Cl,286.2437,58.7517,285.35,58.686
FC(F)(F)F,261.9664,52.8857,262.0,52.8
FC(F)=C,270.6862,49.7435,266.0,51.0
FC(F)=C(Cl)Cl,326.7408,78.9217,,78.7
FC(F)=C(F)Br,334.2211,77.6163,335.0,76.9
FC(F)=C(F)C(F)(F)F,386.4773,114.4608,,122.7
FC(F)=C(F)Cl,322.3243,75.7293,322.0,75.6
FC(F)=C(F)F,300.1516,72.2775,300.0,72.2
FC(F)=CCl,303.0568,63.7296,303.0,63.8
FC(F)=O,258.8821,38.635,259.0,38.8
FC(F)Br,293.793,49.823,295.0,50.0
FC(F)C(F)(F)F,343.6716,88.0933,332.0,86.1
FC(F)C(F)C(F)(F)F,400.0197,121.1053,394.0,116.0
FC(F)C(F)F,323.4427,77.3906,320.0,82.0
FC(F)CC(F)(F)F,381.9527,110.1432,383.0,107.4
FC(F)Cl,281.6408,47.7896,281.0,48.2
FC(F)F,259.7202,42.3588,260.0,43.2
FC=C,252.3434,41.1245,,42.1
FC=C(F)F,292.613,60.8259,292.0,60.9
FC=O,246.505,31.585,247.0,
FCC(Cl)(Cl)Cl,357.8051,93.7375,350.0,92.6
FCC(F)(F)C(F)F,384.1199,112.0469,384.0,107.1
FCC(F)(F)F,325.9275,78.3446,,77.8
FCC(F)F,311.6583,67.6628,,68.6
FCC=C,293.5492,63.3157,300.0,62.0
FCCF,287.983,58.0606,289.0,59.4
FCCl,264.6541,38.6852,264.0,38.7
FCF,246.501,34.1163,247.0,34.6
FCl,217.736,23.5852,217.91,
FF,196.2366,22.0413,202.7955,
FN(F)F,260.68,44.4759,260.77,
FN(F)N(F)F,315.7967,77.3572,301.18,70.686
FNF,252.5019,34.451,,35.8
FOF,246.4746,33.7105,247.46,34.686
FOOF,279.9653,52.2323,,53.686
FS(F)=S,294.1981,55.0949,292.8,
FSF,258.345,36.7941,257.7,
FSSF,303.7766,60.6505,293.98,
F[S](F)(=O)=O,285.573,58.6512,,57.686
F[S](F)=O,280.3727,49.2289,,47.686
F\C=C\F,267.9258,51.5668,,49.686
N,192.3634,26.4261,192.77,26.686
N#CBr,247.2095,38.0493,248.35,
N#CC#N,236.8056,44.3577,241.57,
N#CC(F)(F)F,298.3255,70.3362,298.53,
N#CCC#N,289.3419,64.6878,288.0,63.3
N#N,185.7047,20.7945,197.65,
N=C=O,238.4916,37.4583,238.0,
N=C=S,250.2652,42.6841,248.0,38.5
N=O,220.6155,25.3508,220.72,
NC(=O)C=C,321.9825,83.2273,301.0,73.7
NC(N)=O,273.139,64.9178,267.0,63.9
NC(N)=S,287.2461,71.0684,303.0,65.9
NC=O,261.0788,46.3828,249.0,36.8
NCC(F)(F)F,331.6866,89.2397,298.0,69.0
NCC(O)=O,324.5058,80.8215,330.0,78.2
NCC=C,301.509,74.5037,,77.686
NCCCN,346.848,101.1602,367.0,106.4
NCCCO,333.9536,94.1729,367.0,98.7
NCCN,306.3297,79.2567,322.0,82.9
NCCO,304.7206,76.261,,77.2
NN,224.8607,38.1445,239.0,40.6
NO,234.9605,35.9395,236.0,38.4
O,188.6899,25.1123,188.8375,25.3
O=C(F)Cl,277.1321,44.1537,277.01,
O=C(O)C(=O)O,326.7114,80.0182,,76.686
O=C(O)CO,315.1107,76.3321,,76.686
O=C=C=C=O,244.3699,54.0353,276.07,
O=C=O,213.5491,28.4051,214.0,28.9
O=CC=O,279.8084,53.6046,272.0,52.2
O=CCC=O,336.2508,76.3784,,66.946
O=NBr,273.0638,36.8694,273.53,
O=NCl,261.1669,35.8317,261.68,
O=NF,247.1743,32.1205,248.08,
O=NO,247.9404,37.0901,249.41,
O=O,190.0636,20.9702,205.151,
O=S,212.8135,21.8028,221.94,
O=S(=O)(Cl)Cl,314.5446,70.0694,311.09,
O=S(=O)(F)Cl,305.7074,64.4628,302.84,
O=S(=O)(F)F,285.573,58.6512,283.61,
O=S(=O)(O)F,297.4034,67.4785,297.26,
O=S(=O)(O)O,316.6268,76.6665,298.78,
O=S(=O)=O,257.2416,42.6307,256.77,
O=S(F)F,280.3727,49.2289,279.13,
O=S=O,242.5823,31.4344,248.2165,
O=S=S,267.3135,35.7732,266.89,
O=[S](=O)=O,257.2416,42.6307,,41.686
OBr,247.597,29.79,,27.686
OC(=O)C(F)(F)F,347.5198,90.0179,333.0,85.7
OC(CCl)CCl,374.4393,105.3525,403.0,103.9
OC=O,248.9971,38.0525,249.0,37.4
OCC#C,287.1974,67.1605,293.0,64.5
OCC(CO)(CO)CO,471.4244,180.0206,,164.686
OCC(Cl)CCl,374.964,105.2145,396.0,102.9
OCC(O)CCl,368.9618,108.6035,408.0,105.7
OCC(O)CO,357.3624,108.6663,,106.6
OCC=O,304.265,65.1776,,
OCCC#N,322.0409,80.7127,331.0,76.3
OCCCCl,349.7275,91.9679,363.0,
OCCCO,333.5548,92.0851,358.0,91.8
OCCCl,307.8036,69.0896,321.0,67.6
OCCO,301.4549,72.3489,311.84,74.4
OCCS,314.8977,78.4743,326.0,77.3
OCl,236.4751,28.7775,236.5,28.9
OF,226.2337,26.9115,226.77,
ON=O,247.9404,37.0901,,37.5
OO,221.6682,34.8308,232.95,34.5
O[Cl](=O)(=O)=O,300.1069,66.6636,,64.9
O[S](O)(=O)=O,316.6268,76.6665,,76.0
S,205.6502,25.765,205.79000000000002,25.9
S=C=S,228.2374,34.8694,238.0,37.2
SCCS,338.4384,87.428,345.0,85.5
[CH2]=[C]=[CH2],242.4814,49.141,244.0,50.8
[nH]1cccc1,276.2867,62.8719,271.0,63.2
[nH]1cccn1,272.8877,56.3114,,69.9
c1ccccc1,268.9231,72.8884,269.0,74.2
c1ccncc1,281.9625,68.1563,283.0,69.6
c1ccnnc1,281.487,65.5915,,72.5
c1cnccn1,274.8169,64.2066,,78.9
c1cncnc1,280.8001,64.1773,282.0,57.2
o1cccc1,267.01,56.7298,267.0,57.1
o1cccn1,270.739,52.027,,51.3
o1ccnc1,270.1842,51.1944,271.0,52.2
s1cccc1,278.6075,64.0727,279.0,64.5
s1ccnc1,282.0371,59.1063,,59.8
s1cnnc1,274.6448,55.4035,,51.6
FS(F)(F)F,296.5452,67.5339,299.64,68.686
FS(F)(F)(F)(F)F,294.5268,90.3576,291.52,88.686
FS(F)(F)(F)(F)Cl,324.4912,97.8553,319.9,
Brc1ccccc1,325.92186489042115,90.58251692426133,325.0,91.2
C/C=C/C=C/C,352.7592707296051,113.414837870179,361.0,117.5
C/C=C/C=C\C,352.7592707296051,113.414837870179,357.0,109.2
C=C1CC(=O)O1,304.7740182673238,78.2899384952679,306.0,78.2
C=C1CC1,269.7751111687573,63.59574671765563,,64.61600000000001
C=C1CCC1,300.45029559927366,78.8589618670661,298.9,79.08600000000001
C=C1CCCC1,315.13457281407165,94.74977632360695,,93.816
C=CC1CCC=CC1,369.3155382291658,129.2931003405772,,128.686
C=CCCC=C,376.96430964076217,113.66639389806114,373.0,110.9
C=Cc1ccccc1,355.47152795327315,112.06759135753914,345.0,117.1
CC(=C)[C@@H]1CCC(=CC1)C,431.018893124022,176.1998725555007,,179.686
CC(=C)c1ccccc1,378.5343178413931,134.6444304327088,372.0,132.3
CC(=O)c1ccccc1,374.63328079629804,126.8454630427688,385.0,104.3
CC(C)(C)OOC(C)(C)C,489.43166292896416,217.2788555099035,,210.906
CC(C)(C)SSC(C)(C)C,505.66103348869905,229.28273825761696,500.0,234.5
CC(C)(C)c1ccccc1,408.27201961457035,167.2377544496791,396.0,168.7
CC(C)(O)c1ccccc1,409.20545053262265,163.56002250989513,,156.686
CC(C)C1CCCCC1,410.4876777152038,165.94489987699052,,170.686
CC(C)CC(=O)CC(C)C,510.37713546940245,205.6517904989833,509.0,207.7
CC(C)CCC(C)C,445.60466381597115,175.51002962268728,442.0,176.6
CC(C)CCC=C,414.1777746583768,144.23466415069078,,146.5
CC(C)CCSCCC(C)C,585.4271104072701,245.01951934261064,,243.686
CC(C)Cc1ccccc1,429.5400358568404,165.258982787043,,164.686
CC(C)c1ccc(C)c(O)c1,447.38806092734075,187.7769877743655,450.0,186.4
CC(C)c1ccc(C)cc1O,455.8806537492783,187.50921206998987,,185.686
CC(C)c1ccccc1,391.02115842280114,143.17559701430088,388.0,146.4
CC(C)c1ccccc1O,406.7292691396869,162.3592158355857,417.0,161.8
CC(OC(C)=O)OC(C)=O,493.12229483778646,174.63583274060068,,148.686
CC/C=C(C)/CC,413.66491272185635,144.71556546697573,,143.686
CC/C=C/C(C)(C)C,430.26212379605533,168.84048283306694,,165.686
CC1(C)CC1,305.2366822590228,93.98828916428877,308.0,98.7
CC1(C)CCCC1,356.9760421914094,127.26778842372158,359.0,128.6
CC1(C)CCCCC1,365.5174790591031,145.2087606168883,365.0,148.3
CC1=CC(=O)OC1=O,346.769605993155,103.27675890981817,380.0,98.2
CC1=CC1,284.96062492155005,66.4032076182188,,66.36600000000001
CC1=CC=CC1,313.72967214212196,90.93815653163519,318.0,93.8
CC1=CCCC1,323.3457722400275,96.74135812490063,326.0,92.2
CC1CC(C)C(C)C1,392.36597478724383,149.46388391923216,,153.686
CC1CC(C)CC(C)C1,400.3692266721337,168.17889525785964,,171.686
CC1CC1,283.5164486665607,69.86337179819753,286.0,73.9
CC1CC1(C)C,342.9830464925567,117.49397521401137,,117.1
CC1CC1C,309.37772135427565,93.14312209735321,,96.686
CC1CC=CC1,319.8674209434073,95.58239140439989,329.0,91.5
CC1CC=CC1C,348.3692453745931,119.31401320468942,,120.686
CC1CCC(=C1)C,354.27227768340543,120.20520422081455,,120.686
CC1CCC(C)CC1,365.4546015999598,144.23807368852667,,146.686
CC1CCC(O)CC1,366.51641285156023,139.39719103286112,,141.686
CC1CCC1,306.05968737186515,85.7792902270236,295.0,85.1
CC1CCC=C1,320.3341364651933,95.69535927968336,331.0,91.5
CC1CCC=C1C,350.8731800456892,120.062948377865,,120.686
CC1CCCC1,342.0760333631792,102.52363974126173,340.0,101.3
CC1CCCCC1,342.4634953097412,120.53155586052233,343.0,127.2
CC1CCCCC1O,366.18669154749256,139.305143134482,,141.686
CC1CCCO1,332.24859032827624,95.80414315958595,,92.3
CC1CCCS1,335.92067245173763,103.56545459109813,349.0,105.7
CC1CCC[C@@H](O)C1,365.7024040819059,138.52273599825944,,141.686
CC1CN1,281.4024590596052,65.89694417713363,,70.686
CC1CO1,280.1613808858355,62.65016376157921,287.4,63.686
CC1COC(=O)O1,332.8473951699957,93.62846556153403,,99.286
CC1C[C@H](C)[C@H](C)C1,392.36597478724383,149.46388391923216,390.0,150.8
CC1OC(C)OC(C)O1,387.84976285114186,148.85720458900616,,140.5
CC1OCCO1,328.86710446599665,88.77921491510673,318.0,
CCC(=O)OC(=O)CC,470.6937402826707,159.84540906922842,,142.686
CCC(C)C(C)CC,449.59912759512315,175.9284291607742,452.0,173.4
CCC(C)CC(C)C,450.876076960411,175.6732054425412,448.0,183.6
CCC(C)OC(C)CC,478.218571542137,192.7106927859552,,189.686
CCC/C=C/CCC,459.3808024484741,165.69881860706425,,168.686
CCC1=CCCC1,363.86360074642477,118.82055990226188,,118.686
CCC1CCC1,345.72648121804474,108.05513978728568,342.0,108.1
CCC1CCCC1,382.183736391555,124.87898521376033,378.0,125.2
CCC1CCCCC1,382.5346003447612,143.10446909282612,383.0,153.3
CCCC(=O)CC,430.71019957657967,138.1260308946219,409.6,142.686
CCCC(C)(C)CC,444.9661493016912,177.2589396918906,438.0,181.9
CCCC(C)C(C)C,451.4480387521652,175.710861400969,452.0,175.8
CCCC(C)CCC,465.5147226847862,175.30108800615886,457.0,178.1
CCCC(CC)CC,462.9898110507686,174.7780885835502,458.0,180.9
CCCC1CCCC1,429.26831380802156,146.9163470373129,416.0,146.5
CCCC1CCCCC1,423.29723262177515,165.47236655146733,419.86,180.686
CCCCC#N,364.7511804306168,107.821094198472,366.0,113.6
CCCCC(=O)CCCC,550.3029742349565,205.11257139988118,534.0,211.7
CCCCC(=O)OC,451.59881015539355,150.76195509736158,,149.0
CCCCC(C)(C)C,448.4337978126072,177.2422037103671,433.0,179.4
CCCCC(C)=O,421.29093014401315,137.77039128724803,418.0,141.2
CCCCC(C)C,423.9217566923006,152.71143879233156,420.0,155.8
CCCCC(C)CC,466.0940034559802,175.2215920939223,465.89,176.9
CCCCC(C)CCCC,547.1797594621055,219.95738701120473,,222.686
CCCCC(CC)C=O,494.4975137025849,182.20075454172698,,174.686
CCCCC(CC)CO,504.8272722442115,191.8657838715346,,191.686
CCCCC(O)=O,406.5314586244697,127.05517911684225,400.0,129.7
CCCCC1CCCCC1,463.56493690534967,187.73566412558682,459.78,
CCCCC=C,386.1926262939006,121.74987297390024,385.0,126.2
CCCCC=O,383.9602043463344,113.89651364400895,379.9,115.686
CCCCCBr,409.0061952001205,122.25613641498539,410.0,123.8
CCCCCC,390.0619282779512,129.77896010978804,389.0,133.9
CCCCCC(=O)OC,495.2610755378526,173.6695879601349,483.0,173.5
CCCCCC(C)C,465.1323675137863,175.03749629716413,459.0,178.5
CCCCCC(O)=O,449.79322071412435,149.9418920027112,449.0,152.8
CCCCCC=C,426.72687204505326,144.09685045563708,425.0,131.2
CCCCCCBr,449.6032773654218,144.59892990134136,,149.0
CCCCCCC,430.58624093119,152.13012158690577,428.0,156.5
CCCCCCC(O)=O,489.9058393094734,172.28050149368636,475.0,176.2
CCCCCCC=C,466.9912873316988,166.41453996970787,464.0,172.4
CCCCCCC=O,463.34337426675484,158.24319699087053,461.5,164.686
CCCCCCCC,476.7526370049287,174.45617909173828,467.0,179.2
CCCCCCCC(=O)OC,575.5425963364936,218.350990937466,573.0,219.3
CCCCCCCC(C)=O,546.3343036994887,205.29248320125856,,205.686
CCCCCCCC(C)C,545.6725491828657,219.68542731144825,539.0,223.6
CCCCCCCC(O)=O,529.3340709019857,194.61911098466146,521.0,198.2
CCCCCCCCBr,529.46022639599,188.89958929901343,,194.8
CCCCCCCCC,511.25756190221165,196.79897257809426,507.0,201.6
CCCCCCCCC(O)=O,568.6526208965465,216.96608846639836,555.0,203.8
CCCCCCCCCC,558.0306582261534,219.20870999054418,546.0,224.3
CCCCCCCCCCC,591.9466306703598,241.47200756466364,585.0,254.0
CCCCCCCCCCCC,626.3300402081956,263.8064330602579,625.0,275.8
CCCCCCCCCCO,594.6188731663641,236.2127253709112,583.0,238.7
CCCCCCCCCO,554.4036037589015,213.8699318845552,558.0,212.6
CCCCCCCCCl,518.1138905717849,187.13394324828664,,194.0
CCCCCCCCO,513.506292603533,191.1338428323975,519.0,192.7
CCCCCCCO,472.85920119160187,168.807785327565,479.0,169.8
CCCCCCCS,489.95135034266923,175.38502606629123,494.0,181.1
CCCCCCO,432.2890624503151,146.47335983197075,440.0,146.8
CCCCCCS,449.32631055287317,153.08407253374395,455.0,157.6
CCCCCCl,396.83458507317806,120.48212237349689,397.0,124.1
CCCCCO,392.0273852957667,124.14311833175736,401.0,124.0
CCCCCSC,452.0854292360861,154.24303925424465,451.0,155.2
CCCCNCCCC,513.9463172891058,193.4475922780181,505.0,194.7
CCCCOC,391.790640360493,121.94233676142021,390.0,127.1
CCCCOC(C)=O,456.4555087738383,151.36026643682584,443.0,147.8
CCCCOC=C,418.8661741964637,136.5949467377388,428.0,132.1
CCCCOCC,432.51733446022274,144.73700174891007,429.0,149.7
CCCCOCCCC,512.4517494958286,189.02929315582037,502.0,194.6
CCCCSC,411.9238266821754,131.91698174941214,412.0,131.9
CCCCSCCCC,534.9533518405395,198.91189024543314,527.0,199.5
CCCC[C@@H](CC)CO,504.8272722442115,191.8657838715346,498.0,191.8
CCCCc1ccccc1,445.07651351848904,164.75716149385372,440.0,169.6
CCCNCC,392.9561129009314,126.46105177275885,393.0,129.5
CCCNCCC,433.22565169912053,148.862421194447,430.0,149.0
CCCOCC,392.09774252529223,122.45278419788625,388.1,126.5
CCCOCCC,431.7773280587098,144.46922604453442,423.0,147.6
CCCSCCC,453.8462804281064,154.5359189309055,,153.1
CCC[S](=O)(=O)CCC,484.3195692158356,180.5896581675774,,179.686
CCC\C=C/C,381.80274424073036,120.80821586068969,386.0,119.8
CCC\C=C/CC,419.8249859836155,143.53593692208565,,135.686
CCC\C=C/CCC,459.3808024484741,165.69881860706425,,161.686
CCC\C=C\C,378.5660701404986,121.81237475209828,382.0,126.1
CCC\C=C\CC,419.8249859836155,143.53593692208565,,145.686
CCCc1ccccc1,404.18490736634226,142.44783997054466,400.0,146.0
CCN1CCOCC1,375.2732280361163,131.95412140280996,,
CCNc1ccccc1,396.86454515786215,142.3390560906421,,138.9
CCOC(=O)C(=O)OCC,487.3847080826423,164.70328585893242,,157.1
CCOC(=O)CC,412.5044877534455,129.32708860865418,403.0,126.7
CCOC(=O)OCC,439.3089690216982,142.93369973975547,404.0,
CCOC(C)OCC,454.71264323908184,161.59431913843167,,151.686
CCOCCOCC,471.47876195576686,160.69083428867896,,152.686
CCOCOCC,427.326282603784,136.90037840054225,418.0,123.5
CCOc1ccccc1,392.22040877634873,136.19276687614538,402.0,123.9
CCSSCC,420.75025221124156,133.02992452072334,414.0,133.2
CC\C=C(C)/CC,413.96849468214185,144.44360576721925,,143.686
CC\C=C/CC,377.3254914939374,120.6032000870271,378.0,118.5
CC\C=C\CC,380.4468502045974,121.469287130867,376.0,128.0
CCc1ccc(C)cc1,412.80708526145787,145.48097846915977,399.0,141.9
CCc1ccc(O)cc1,390.1669810799729,139.39326518999522,391.0,143.5
CCc1cccc(C)c1,415.6759753311632,145.51863442758759,404.0,141.5
CCc1cccc(O)c1,389.99966795812657,139.30958528237784,,143.686
CCc1ccccc1,367.0276468791578,119.98789461352435,361.0,119.0
CCc1ccccc1C,390.97113879986273,144.7864352359355,400.0,147.7
CCc1ccccc1O,381.85416190388526,139.17151343480916,393.0,141.2
CCc1cccnc1,364.6253486104951,115.33110775461705,364.0,117.6
CCc1sccc1,361.97438072684366,111.26426424441227,,108.686
CN(C)c1ccccc1,391.9193656226203,140.08362442783863,,129.4
CN1CCCC1,329.69254554278973,97.50702927959968,329.0,95.0
CN1CCCCC1,338.87066655230416,115.715777177142,,138.8
CNc1ccccc1,357.470479192991,119.84145477519394,341.0,116.9
COC(=O)c1ccccc1,407.41067697045264,140.52738609072577,415.0,115.6
COC1CCCCO1,373.1836987355966,128.87051680710945,367.4,132.51600000000002
COc1ccc(C(=O)O)cc1,423.5432710475888,157.10019179434826,413.0,
COc1ccc(O)cc1,376.2972530396726,132.8453124189351,,122.686
COc1ccccc1,351.68496836899493,113.07593424432861,361.0,103.5
CSc1ccccc1,374.2546247792942,122.05478833167369,,116.4
C[C@@H]1CCC[C@H](O)C1,365.7024040819059,138.52273599825944,389.0,141.5
C[C@@H]1CCC[C@H]1C,359.498961950746,126.2092375923617,,129.7
C[C@@H]1CC[C@@H](C)C1,363.4921099888706,126.01677380484172,367.0,129.7
C[C@@H]1CC[C@H](C)C1,363.4921099888706,126.01677380484172,367.0,129.7
C[C@@H]1CC[C@H]1C,330.7649656912379,109.52764800883661,,110.3
C[C@@H]1CO1,280.1613808858355,62.65016376157921,287.0,64.3
C[C@@H]1C[C@@H]1C,309.37772135427565,93.14312209735321,310.0,94.7
C[C@@H]1C[C@H]1C,309.37772135427565,93.14312209735321,317.0,97.3
C[C@H]1CCCC[C@@H]1C,368.141653054735,143.56445043220674,371.0,149.1
C[C@H]1CCCC[C@H]1C,368.141653054735,143.56445043220674,374.0,145.5
C[C@H]1CCC[C@@H](C)C1,371.3847695455344,144.3301215869058,371.0,147.1
C[C@H]1CCC[C@@H](O)C1,365.7024040819059,138.52273599825944,389.0,141.5
C[C@H]1CCC[C@@H]1C,358.8903261424399,126.2092375923617,,126.186
C[C@H]1CCC[C@H](C)C1,371.3847695455344,144.3301215869058,376.0,147.0
C[C@H]1CCC[C@H]1C,359.498961950746,126.2092375923617,,129.4
C[C@H]1CC[C@@H](C)CC1,365.46363250294974,144.24644167928838,370.87,145.48600000000002
C[C@H]1CC[C@H](C)C1,363.4921099888706,126.01677380484172,,126.186
C[C@H]1CC[C@H](C)CC1,365.4546015999598,144.23807368852667,365.89,146.086
C[C@H]1CC[C@H]1C,330.7649656912379,109.52764800883661,,110.3
C[C@H]1C[C@H](C)[C@@H](C)C1,392.36597478724383,149.46388391923216,,153.7
C\C=C/C=C\C,352.7592707296051,113.414837870179,357.0,109.2
Cc1c(C)c(C)c(C)c(C)c1C,483.51940277649936,221.28216463185024,461.0,238.6
Cc1c(F)c(F)c(F)c(F)c1F,430.1883947264922,160.57657565082047,,156.0
Cc1cc(C)c(C)c(C)c1,436.10599482858174,173.1243777980469,,174.686
Cc1cc(C)c(C)c(C)c1C,456.31565600863576,196.87273557985992,,201.686
Cc1cc(C)c(C)cc1C,408.0421269340519,172.89844204748,419.0,176.1
Cc1cc(C)cc(C)c1,422.33088981029766,149.42622796080434,385.3,139.2
Cc1cc(C)cc(O)c1,410.75365739772224,143.27575475092675,392.0,144.2
Cc1cc(C)nc(C)c1,419.96468377362913,142.80296327288855,390.0,134.7
Cc1ccc(Br)cc1,380.8926723178498,116.0965207568011,364.0,115.0
Cc1ccc(C)c(C)c1,402.8106881835602,148.30073320335055,396.0,143.5
Cc1ccc(C)c(C)c1C,416.9049667372367,172.1202189066383,,180.1
Cc1ccc(C)c(O)c1,395.15831552345963,142.9201151435529,394.0,148.7
Cc1ccc(C)cc1,389.9980272880179,123.8243602252663,352.0,117.4
Cc1ccc(Cl)cc1,369.39209823184353,114.35179468297868,,113.1
Cc1ccc(Cl)cc1C,384.69684376124445,138.89092759177592,385.0,137.5
Cc1ccc(F)cc1,358.56077650770277,110.50670292795996,339.0,107.3
Cc1ccc(N)cc1,365.4030017656461,123.09216103361423,347.0,117.8
Cc1ccc(O)c(C)c1,396.84025233676147,142.89501117126767,396.0,147.8
Cc1ccc(O)cc1,363.54494585909976,117.71572696919743,351.0,116.7
Cc1ccc(O)cc1C,377.74014125168407,142.21720391956688,391.0,155.1
Cc1cccc(C)c1,382.4689377672527,123.82854422064719,359.0,117.4
Cc1cccc(C)c1C,388.5890748349414,147.55179803017498,387.0,146.1
Cc1cccc(C)c1O,378.99939235835086,142.35527576713557,390.0,147.6
Cc1cccc(C)n1,366.99282771143817,119.77425269658502,356.0,113.5
Cc1cccc(Cl)c1,363.7122588972662,114.34761068759781,338.0,113.5
Cc1cccc(Cl)c1C,387.8757926579249,138.7654077303499,385.0,137.5
Cc1cccc(F)c1,362.5234553107453,110.54017489100693,339.0,107.4
Cc1cccc(N)c1,363.0782303373137,123.24696886270638,352.0,119.2
Cc1cccc(O)c1,359.4765956084784,117.74501493686351,356.0,116.4
Cc1cccc(O)c1C,381.09406843342845,142.3761957440399,,153.1
Cc1ccccc1,337.3208190170958,98.33964436039264,321.0,95.9
Cc1ccccc1C,348.30659615239784,122.80346535233426,354.0,124.0
Cc1ccccc1C=C,380.27789628712253,136.69458816933465,379.0,133.6
Cc1ccccc1C=O,371.63045095102217,127.44795837761396,,121.686
Cc1ccccc1Cl,351.71855150079915,113.80787528346569,348.0,113.1
Cc1ccccc1F,344.18946202187396,110.13851133444349,339.0,108.3
Cc1ccccc1N,346.426173903584,121.93319431311349,350.0,121.8
Cc1ccccc1O,346.17916838907814,117.22201551425488,,118.9
Cc1ccccn1,329.9062069571475,93.92552923357573,325.0,91.7
Cc1cccnc1,329.61561048676606,93.59917759386795,325.0,91.5
Cc1ccnc(C)c1,378.3829758667147,119.37258914002159,361.0,112.6
Cc1ccncc1,334.9960473795637,93.56570563082099,319.0,91.4
Cc1ccncc1C,352.9689966779076,118.0839185627139,357.0,120.4
Cc1cocc1,308.23475753746766,81.98440641657531,310.0,81.8
Cc1cscc1,320.6863744843225,89.43191819452231,321.0,87.5
Cc1occc1,308.3580410952026,81.92583048124315,309.0,81.4
Cc1sccc1,322.11293883835555,89.36915826380928,321.0,87.0
Cc1sccc1C,367.3491172606545,114.71161828573342,353.0,114.2
ClC(=O)c1ccccc1,374.64208672585625,117.45657740809854,370.0,112.8
ClC1CCCCC1,343.6170750943491,111.85813343598069,,115.0
ClCc1ccccc1,366.7519532145636,110.81657673865928,361.0,102.3
Clc1c(Cl)c(Cl)c(Cl)c(Cl)c1Cl,440.7360337815787,166.91951264821805,437.0,166.9
Clc1ccccc1,314.113082433077,88.83360685505804,314.0,89.7
Clc1ccccc1Cl,343.0054127929843,104.45246161184238,342.0,105.3
Cn1cccc1,314.2051933842665,85.32323473050886,308.0,82.5
FC(F)(F)c1ccccc1,387.96549295833574,127.27641456699833,373.0,122.0
Fc1c(F)c(F)c(Cl)c(F)c1F,408.23990941650004,150.53498673673465,,150.1
Fc1c(F)c(F)c(F)c(F)c1F,384.43957883902493,148.44298904630008,382.0,146.7
Fc1cc(F)c(F)c(F)c1F,378.7399682016351,135.0918597859468,,134.7
Fc1ccccc1,302.33071797360736,85.00106708618193,,85.9
Fc1ccccc1F,321.2194861635273,97.23088558446231,321.0,98.5
N#CC#CC#N,251.59081926813553,71.48676200597475,290.11,
N#CCCC#N,329.6596179175418,86.66237140490198,327.0,85.7
N#C\C=C/C#N,309.1905549233074,77.75857108189753,,73.4
N#C\C=C\C#N,309.1905549233074,77.75857108189753,,72.686
N#Cc1ccccc1,323.71157071370595,97.88777285925877,321.0,100.7
NC(Cc1ccccc1)C(O)=O,472.3113890446265,182.13329431060308,,181.686
NC1CC1,279.72988924964227,67.45339045881694,285.0,80.5
NC1CCCCC1,339.8651001648494,118.31403830866172,,124.9
NCc1ccccc1,360.62301034283655,117.37289750048116,359.0,117.8
NNc1ccccc1,351.3776280930186,116.21393077998043,351.0,115.1
N[C@@H](Cc1ccccc1)C(O)=O,472.3113890446265,182.13329431060308,488.0,182.2
Nc1cccc(N)c1,344.03976075914414,122.67376149552732,,125.686
Nc1ccccc1,316.87339715320957,97.74970101169008,319.0,100.6
O=C(O)c1ccccc1,362.27852928378366,116.83734609172991,,95.156
O=C1C=CC(=O)C=C1,321.7349858162557,98.32709237425003,320.0,99.2
O=C1CC1,265.6979552396174,57.34904161401806,,56.0
O=C1CCC1,298.93162025221125,72.28172112833988,,66.0
O=C1CCCC1,308.7502574412358,87.5114643147034,315.0,87.0
O=C1CCCCC1,334.1770938804883,105.16374082659014,334.0,109.5
O=C1CCCCCC1,362.72254796950705,125.35570253466442,,129.466
O=C1CCCCCCC1,377.60805193175065,144.76107311113532,,146.086
O=C1CCCCCN1,356.41778490916545,122.55660962486299,363.0,127.5
O=C1CCCN1,310.94699107972184,83.65800456892296,301.0,80.0
O=C1CCCO1,306.81699932219277,78.1686026292227,306.0,78.2
O=C1CCO1,285.19838573090215,61.420069119603696,286.0,63.0
O=C1OC(=O)C=C1,304.470564337297,78.1686026292227,317.0,103.2
O=C1OCCO1,297.69878685053936,69.6667240152967,277.0,73.3
O=Cc1ccccc1,342.051256328293,102.72891366743931,336.0,103.3
O=Cc1occc1,325.6403778147829,85.9678281716777,333.0,90.0
O=c1occo1,283.7677700141419,64.03088223726601,,66.316
OC1=CC=CC1,303.3598445645716,84.6956354233785,,86.64599999999999
OC1=CCC=C1,302.5108885132591,84.4111237374794,,86.70599999999999
OC1CC1,277.7221319130064,64.62082558596855,,66.886
OC1CCCC1,326.8065115520113,96.41500648519285,,96.8
OC1CCCCC1,338.14857852940935,115.44381747738551,340.0,121.8
OCC1CCCO1,358.6234381982042,110.44001715438107,,130.686
OCCCCCCO,468.15003811619795,163.12591960034476,,159.686
OCCCCCO,427.8632028066241,140.8040460908931,,137.2
OCCCCO,382.24830577475046,118.40686066458582,379.0,114.8
OCCOCCOCCO,535.7021406157168,190.85795728977516,558.0,183.8
OC[C@@H]1CCCO1,358.6234381982042,110.44001715438107,374.0,131.3
OCc1ccccc1,358.8417639724526,114.00896521426242,369.0,103.3
OCc1occc1,344.86916106708617,98.49889433738066,358.0,111.0
Oc1c(F)c(F)c(F)c(F)c1F,408.62261692175093,155.08298971573936,,155.686
Oc1ccc(Cl)cc1,343.20319527543245,108.2138734592437,345.0,109.8
Oc1ccc(O)cc1,331.9275245391329,112.41042082625542,348.0,115.3
Oc1cccc(Cl)c1,342.8597631440215,108.15111352853067,,109.8
Oc1cccc(O)c1,329.97260303088626,111.67403763922245,331.0,115.4
Oc1ccccc1,312.68176376325283,92.16825117361071,315.0,95.4
Oc1ccccc1O,337.2239534990754,111.72006158841202,339.0,111.8
SC1CCCCC1,353.7439204873518,121.89135435930478,,117.1
SCc1ccccc1,375.5783227617717,120.8749016342686,361.0,132.4
Sc1ccccc1,335.76216542680936,99.24338736266034,337.0,96.5
