smiles,S0_TCIT,Cv_TCIT,Gf_TCIT,S0_Exp,Cv_Exp,S0_G4,Gf_G4,Cv_G4
Brc1cccc(Br)c1,392.2538,112.6056,144.8036,366.0,108.9,,,
Brc1ccccc1,334.8746,91.4881,128.6605,325.0,91.2,325.92186489042115,133.77823707354628,90.58251692426133
Brc1ccccc1Br,342.3026,107.2387,152.9788,377.0,116.2,,,
C#CC#CC#C,288.6991,94.4862,674.0191,,95.6,,,
C#CC#CC#CC#C,334.8423,124.0336,915.1761,,126.08600000000001,,,
C#CC#CC#CC#CC#C,380.9855,153.5809,1156.3331,,156.086,,,
C#CC#CC#CC#CC#CC#C,427.1287,183.1283,1397.4901,,185.686,,,
C#CCCC#C,351.1175,103.6285,436.8365,,107.7,,,
C#Cc1ccccc1,342.4992,105.9816,340.4864,323.0,106.6,,,
C(#Cc1ccccc1)c1ccccc1,497.3765,180.078,465.7056,452.0,,,,
C(C(c1ccccc1)c2ccccc2)c3ccccc3,595.2108,280.9873,453.5605,,271.686,,,
C(Cc1ccccc1)c2ccccc2,507.4232,199.6101,287.0601,,196.686,,,
C(OCc1ccccc1)c2ccccc2,515.4773,213.9859,183.6548,525.0,193.1,,,
C(c1ccccc1)c2ccccc2,457.7183,178.0706,278.203,439.0,174.0,,,
C/C=C/C=C/C,364.5425,113.4692,142.3488,361.0,117.5,352.7592707296051,146.50694869584865,113.414837870179
C/C=C/C=C\C,364.5425,113.4692,142.3488,357.0,109.2,352.7592707296051,146.50694869584865,113.414837870179
C/C=C/CC=C,369.4793,113.5866,170.0453,374.0,111.0,,,
C/C=C/c1ccccc1,383.9189,133.4706,216.0712,380.0,137.2,,,
C1CC1C1CC1,305.591,102.7386,253.2928,,99.73599999999999,,,
C1CCC(CC1)C2CCCCC2,434.3919,202.5656,104.0611,,209.686,,,
C1CCC(CC1)NC2CCCCC2,424.3123,220.5361,200.347,,227.686,,,
C1CCC(CC1)c2ccccc2,410.707,178.4513,192.5522,426.0,178.8,,,
C1OC1COc2ccccc2,431.3905,155.5785,47.9242,,149.686,,,
C=C/C=C/C=C/C=C,429.0078,140.6908,304.4885,,137.006,,,
C=C/C=C\C=C/C=C,429.0078,140.6908,304.4885,,136.086,,,
C=C1CC(=O)O1,307.9165,79.0528,-134.3141,306.0,78.2,304.7740182673238,-137.7963556145034,78.2899384952679
C=C1CC1,265.4618,63.7859,226.9864,,64.61600000000001,269.7751111687573,235.75990535802447,63.59574671765563
C=C1CCC1,288.252,78.1412,193.0172,298.9,79.08600000000001,300.45029559927366,197.37475540363005,78.8589618670661
C=C1CCCC1,294.3929,94.0502,129.4461,,93.816,315.13457281407165,123.35880659899752,94.74977632360695
C=CC(=O)OCCOC(=O)C=C,550.1431,196.9917,-413.0554,,207.686,,,
C=CC1CCC=CC1,366.6742,129.6643,209.3231,,128.686,369.3155382291658,207.83129933976554,129.2931003405772
C=CCCC=C,381.9357,113.6622,175.5663,373.0,110.9,376.96430964076217,176.6132220948428,113.66639389806114
C=CCNCC=C,413.0975,132.3356,269.9707,417.0,130.0,,,
C=CCOCC1CO1,416.3989,132.2982,-0.1401,,130.686,,,
C=CCc1ccccc1,396.9639,134.6867,225.0794,,133.686,,,
C=C\C=C/C=C,357.1007,104.6454,227.1093,,105.686,,,
C=C\C=C\C=C,357.1007,104.6454,227.1093,,105.7,,,
C=Cc1cccc(C=C)c1,405.0094,151.1963,322.0783,,153.686,,,
C=Cc1ccccc1,350.3745,110.9607,217.5899,345.0,117.1,355.47152795327315,211.0689111570421,112.06759135753914
CC#CCC(C)C,412.5957,138.569,199.5374,401.0,138.1,,,
CC(=C)C(=O)OCCO,457.4301,158.1216,-359.4744,,155.686,,,
CC(=C)CCC(C)=C,444.7574,158.0795,166.0131,,161.686,,,
CC(=C)[C@@H]1CCC(=CC1)C,429.4808,176.0377,194.1187,,179.686,431.018893124022,198.04904860129034,176.1998725555007
CC(=C)c1ccccc1,379.984,134.8226,213.654,372.0,132.3,378.5343178413931,212.58986397831018,134.6444304327088
CC(=O)CC(=O)Nc1ccccc1,474.4504,194.977,86.5668,,165.686,,,
CC(=O)Nc1ccc(O)cc1,423.9641,165.2329,64.1995,,146.686,,,
CC(=O)OCC(COC(C)=O)OC(C)=O,667.5585,258.1954,-931.0686,677.0,238.8,,,
CC(=O)OCC=C,405.6554,121.0135,-228.2706,,107.686,,,
CC(=O)OCCOC(C)=O,516.0556,171.3851,-620.7596,,157.1,,,
CC(=O)OCc1ccccc1,457.8985,163.7905,-178.3318,,154.686,,,
CC(=O)OOC(C)=O,449.1214,138.8666,-412.059,,127.686,,,
CC(=O)Oc1ccccc1,421.445,144.7917,-152.6976,430.0,,,,
CC(=O)Oc1ccccc1C(O)=O,485.487,185.5041,-485.6249,,161.9,,,
CC(=O)c1ccc(O)cc1,394.6188,144.5234,-162.6933,,150.686,,,
CC(=O)c1ccccc1,377.0859,125.7625,3.2155,385.0,104.3,374.63328079629804,3.726269173158833,126.8454630427688
CC(C)(C)C(=O)OC=C,446.2901,169.1169,-219.7761,,154.686,,,
CC(C)(C)CC(C)(C)c1ccc(O)cc1,534.0325,278.3935,41.8293,,267.686,,,
CC(C)(C)CCC(C)(C)C,507.7991,224.5799,6.4598,,216.686,,,
CC(C)(C)CCC=C,444.8674,169.1211,91.013,,169.8,,,
CC(C)(C)NCc1ccccc1,495.0336,209.6973,229.3638,,195.7,,,
CC(C)(C)OOC(C)(C)C,520.4672,224.8812,-72.0643,,210.906,489.43166292896416,-65.85400094558295,217.2788555099035
CC(C)(C)SSC(C)(C)C,522.3517,229.2242,10.7517,500.0,234.5,505.66103348869905,20.831921960118155,229.28273825761696
CC(C)(C)c1cc(cc(c1)C(C)(C)C)C(C)(C)C,635.7094,361.4473,169.2619,,357.686,,,
CC(C)(C)c1ccccc1,408.1166,168.6881,140.4422,396.0,168.7,408.27201961457035,140.7736417495795,167.2377544496791
CC(C)(C)c1ccccc1O,416.4343,185.2868,-16.7019,427.0,184.6,,,
CC(C)(O)c1ccccc1,411.1874,163.6612,-8.2042,,156.686,409.20545053262265,-15.354265332251074,163.56002250989513
CC(C)(c1ccc(O)cc1)c2ccc(O)cc2,506.2384,265.1666,8.0372,,262.686,,,
CC(C)(c1ccccc1)C(C)(C)c2ccccc2,552.1166,295.8764,354.2244,,286.686,,,
CC(C)(c1ccccc1)c2ccccc2,465.741,227.928,302.7057,,228.686,,,
CC(C)/C=C/C(C)C,442.4466,168.0664,85.7132,408.0,165.9,,,
CC(C)=CC=C(C)C,426.3898,159.2296,140.9703,,165.686,,,
CC(C)C(C)(C)C(C)(C)C(C)(C)S,556.3362,292.5406,144.8101,,293.686,,,
CC(C)C(C)CC=C,441.559,167.5186,100.9217,,169.7,,,
CC(C)C1CC1,349.0851,117.0152,118.5118,,118.0,,,
CC(C)C1CCCC1,388.8901,148.6072,61.6825,,147.686,,,
CC(C)C1CCCCC1,399.8792,166.6218,50.9241,,170.686,410.4876777152038,47.48469645113512,165.94489987699052
CC(C)CC#CC(C)C,488.6769,180.9571,211.5959,481.0,184.1,,,
CC(C)CC(=O)CC(C)C,503.2041,205.7062,-111.672,509.0,207.7,510.37713546940245,-115.40839020777722,205.6517904989833
CC(C)CC(C)C=C,434.7556,167.778,96.6401,433.0,169.7,,,
CC(C)CC(C)OC(C)=O,508.6935,197.9323,-315.1064,,189.6,,,
CC(C)CC(O)CC(C)C,514.9108,215.6432,-124.9052,,215.686,,,
CC(C)CC1CCCC1,407.921,169.9642,70.4161,,171.686,,,
CC(C)CC=C(C)C,441.7544,167.6983,82.0137,417.0,166.2,,,
CC(C)CCC#C,405.1336,139.5776,221.8705,396.0,144.2,,,
CC(C)CCC#N,400.0574,130.6364,117.8553,392.0,134.8,,,
CC(C)CCC(C)(C)C,483.4744,200.0533,6.6821,,196.686,,,
CC(C)CCC(C)=C,451.9535,166.8031,86.4588,424.0,170.1,,,
CC(C)CCC(C)=O,456.8357,160.6066,-127.3139,,158.686,,,
CC(C)CCC(C)C,459.1497,175.5268,6.9045,442.0,176.6,445.60466381597115,9.128296569960586,175.51002962268728
CC(C)CCC=C,420.5427,144.5945,91.2354,,146.5,414.1777746583768,91.58849468214189,144.23466415069078
CC(C)CCCC(C)C,501.0161,197.8361,14.389,,198.686,,,
CC(C)CCCC(C)CCCC(C)CCCCC(C)CCCC(C)CCCC(C)C,1335.8573,669.3098,167.2884,,677.686,,,
CC(C)CCCC=C,462.4091,166.9038,98.7199,,169.4,,,
CC(C)CCCCC(C)C,542.8825,220.1454,21.8735,,222.686,,,
CC(C)CCCCCCCO,594.5974,236.225,-106.3476,,237.686,,,
CC(C)CCCCCCCOC(=O)c1ccccc1C(=O)OCCCCCCCC(C)C,1253.2888,613.7132,-330.8252,,,,,
CC(C)CCCCCCOC(=O)c1ccccc1C(=O)OCCCCCCC(C)C,1169.556,569.0946,-345.7941,,,,,
CC(C)CCCCCOC(=O)c1ccccc1C(=O)OCCCCCC(C)C,1085.8232,524.4759,-360.7631,,,,,
CC(C)CCCCO,468.9982,169.2971,-128.801,,161.686,,,
CC(C)CCOC(=O)CC(C)C,589.6126,241.1786,-290.7515,,236.686,,,
CC(C)CCOC(C)=O,485.9505,173.9999,-311.2312,476.0,165.4,,,
CC(C)CCOCCC(C)C,571.5813,234.4047,-82.1439,581.0,224.4,,,
CC(C)CCSCCC(C)C,581.6775,244.0279,54.8098,,243.686,585.4271104072701,53.389855693999316,245.01951934261064
CC(C)COC(=O)C(C)=C,492.587,188.556,-221.4585,,187.686,,,
CC(C)COC(=O)C(C)C,508.9029,197.2252,-305.809,511.0,182.5,,,
CC(C)COC(=O)C=C,460.9559,165.1047,-217.1272,475.0,170.6,,,
CC(C)COC(=O)c1ccccc1C(=O)OCC(C)C,741.4711,347.0223,-423.1221,,,,,
CC(C)COC(C)=O,443.9122,152.3014,-320.9793,443.0,146.8,,,
CC(C)COC=O,398.1917,127.0845,-296.4133,407.0,124.7,,,
CC(C)COCC(C)C,487.5046,191.0078,-101.6401,,182.686,,,
CC(C)Cc1ccc(cc1)C(C)C(O)=O,572.5316,254.1384,-182.5142,,248.686,,,
CC(C)Cc1ccccc1,434.4606,165.6357,138.118,,164.686,429.5400358568404,136.23629766616736,165.258982787043
CC(C)[C@@H]1CC[C@@H](C)C[C@H]1O,458.9093,207.3839,-91.1786,,207.686,,,
CC(C)\C=C/C(C)C,442.4466,168.0664,85.7132,,165.686,,,
CC(C)c1cc(C(C)C)c(cc1C(C)C)C(C)C,702.2054,354.9482,146.1808,,355.686,,,
CC(C)c1cc(cc(c1)C(C)C)C(C)C,622.4902,281.351,166.3332,,283.686,,,
CC(C)c1ccc(C)c(O)c1,449.2638,185.7344,-34.3106,450.0,186.4,447.38806092734075,-22.74949269056007,187.7769877743655
CC(C)c1ccc(C)cc1,428.2379,167.3495,128.0802,427.0,168.9,,,
CC(C)c1ccc(C)cc1O,454.8384,185.3884,-24.5801,,185.686,455.8806537492783,-22.910513878312678,187.50921206998987
CC(C)c1ccc(cc1)C(C)C,482.798,211.948,144.2694,,210.686,,,
CC(C)c1ccccc1,390.2142,143.317,136.9525,388.0,146.4,391.02115842280114,133.03026635314595,143.17559701430088
CC(C)c1ccccc1O,410.0009,160.7269,-14.0335,417.0,161.8,406.7292691396869,-13.632554580219743,162.3592158355857
CC(C=O)c1ccccc1,416.8441,149.7816,37.802,,145.4,,,
CC(CC(C)(C)C)CC(C)(C)CC(C)(C)C,671.1639,359.7196,90.9869,,362.686,,,
CC(CO)c1ccccc1,425.0954,159.911,7.8438,,154.686,,,
CC(O)CNCC(C)O,476.425,184.1084,-207.7207,,179.686,,,
CC(O)COC(=O)C(C)=C,485.0192,181.9369,-370.0142,,180.686,,,
CC(O)COC(C)(C)C,470.3969,188.2252,-266.0285,,174.686,,,
CC(O)Cc1ccccc1,430.236,160.6442,-6.7819,,157.686,,,
CC(O)c1ccccc1,383.8757,136.6048,-10.5179,403.0,136.3,,,
CC(OC(C)=O)OC(C)=O,479.7451,168.6653,-675.5672,,148.686,493.12229483778646,-648.6767451444733,174.63583274060068
CC/C=C(C)/CC,416.0141,144.6988,81.6207,,143.686,413.66491272185635,82.34722977665832,144.71556546697573
CC/C=C/C(C)(C)C,434.9492,168.8405,84.4032,,165.686,430.26212379605533,84.58829192572571,168.84048283306694
CC/C=C/C(C)C,413.0189,144.7616,83.0357,,142.686,,,
CC/C=C/C(C)CC,452.7913,167.1881,90.9509,,165.686,,,
CC/C=C/C=C,351.1367,113.1811,279.1389,,111.686,,,
CC/C=C/CC(C)C,452.5087,166.6358,90.2296,444.0,166.1,,,
CC1(C)CC(CC(C)(CN=C=O)C1)N=C=O,583.156,267.8676,-29.9492,,262.686,,,
CC1(C)CC1,311.2789,96.0347,99.4027,308.0,98.7,305.2366822590228,101.71945737763905,93.98828916428877
CC1(C)CC=CC1,353.2778,119.2113,94.0115,,115.686,,,
CC1(C)CCC=C1,349.1506,120.3973,107.0416,,115.686,,,
CC1(C)CCCC1,327.4395,127.8151,49.1295,359.0,128.6,356.9760421914094,39.91725195183385,127.26778842372158
CC1(C)CCCCC1,343.8993,145.6529,37.8283,365.0,148.3,365.5174790591031,32.29991669665197,145.2087606168883
CC1(C)CO1,328.11,90.3462,-67.2475,301.0,89.7,,,
CC1(O)CCCCC1,354.2675,141.1445,-121.8909,,142.686,,,
CC1=CC(=O)CC(C)(C)C1,421.382,171.0312,-35.3269,,172.686,,,
CC1=CC(=O)OC1=O,343.9877,102.8549,-379.4732,380.0,98.2,346.769605993155,-377.35379680844835,103.27675890981817
CC1=CC1,283.2301,67.8532,279.9524,,66.36600000000001,284.96062492155005,278.88769976485946,66.4032076182188
CC1=CC=CC1,315.4914,91.8983,162.3098,318.0,93.8,313.72967214212196,171.64755370158073,90.93815653163519
CC1=CCCC1,322.6171,96.3677,105.7729,326.0,92.2,323.3457722400275,106.75134427587592,96.74135812490063
CC1=CCCC1(C)C,371.502,143.6005,94.2603,,141.686,,,
CC1CC(=O)O1,320.0142,85.6035,-234.5316,,79.8,,,
CC1CC(C)C(C)C1,369.1475,148.1675,52.7627,,153.686,392.36597478724383,43.20465607557969,149.46388391923216
CC1CC(C)CC(C)C1,372.4393,166.042,37.5911,,171.686,400.3692266721337,28.707542572153,168.17889525785964
CC1CC(OC(C)O1)OC(C)=O,499.5875,205.0151,-547.747,,205.686,,,
CC1CC1,283.7784,70.7734,103.5108,286.0,73.9,283.5164486665607,103.15622913232305,69.86337179819753
CC1CC1(C)C,344.8657,117.4363,105.7891,,117.1,342.9830464925567,106.50531773260923,117.49397521401137
CC1CC1C,301.8838,94.3428,106.7812,,96.686,309.37772135427565,107.05627691355028,93.14312209735321
CC1CC=C(C)C1,360.6201,119.99,107.2203,,120.686,,,
CC1CC=CC1,324.4469,95.6726,126.4603,329.0,91.5,319.8674209434073,117.50799628461209,95.58239140439989
CC1CC=CC1C,350.9414,119.3606,121.7059,,120.686,348.3692453745931,119.60696651966896,119.31401320468942
CC1CCC(=C1)C,354.5589,119.6952,112.21,,120.686,354.27227768340543,109.20959875484297,120.20520422081455
CC1CCC(=C1C)C,383.4318,143.9924,99.437,,141.686,,,
CC1CCC(C)(C)C1,370.1927,150.8291,50.5287,387.0,148.1,,,
CC1CCC(C)C1C,365.082,149.2964,50.4736,,153.686,,,
CC1CCC(C)CC1,360.8456,143.8101,37.3944,,146.686,365.4546015999598,31.328223391881377,144.23807368852667
CC1CCC(C)O1,348.1007,121.5923,-82.3655,,106.686,,,
CC1CCC(O)CC1,358.9927,138.7603,-116.6559,,141.686,366.51641285156023,-115.23695049496666,139.39719103286112
CC1CCC1,307.4112,86.0065,110.0689,295.0,85.1,306.05968737186515,107.19240596470381,85.7792902270236
CC1CCC=C1,321.8203,96.1339,120.4836,331.0,91.5,320.3341364651933,117.14830351539293,95.69535927968336
CC1CCC=C1C,360.5294,120.0683,108.697,,120.686,350.8731800456892,109.06782202120449,120.062948377865
CC1CCCC1,314.9334,102.4226,47.4812,340.0,101.3,342.0760333631792,37.95102411654938,102.52363974126173
CC1CCCC1(C)C,358.8528,150.5007,59.7051,387.0,148.1,,,
CC1CCCCC1,328.3409,120.601,36.8763,343.0,127.2,342.4634953097412,29.361196664518882,120.53155586052233
CC1CCCCC1O,336.9034,138.9133,-104.3882,,141.686,366.18669154749256,-114.17479439846699,139.305143134482
CC1CCCO1,327.2003,95.9659,-87.4512,,92.3,332.24859032827624,-88.11234253533385,95.80414315958595
CC1CCCS1,330.1867,103.3547,46.6159,349.0,105.7,335.92067245173763,46.933899818414595,103.56545459109813
CC1CCC[C@@H](O)C1,358.0997,138.3512,-112.0235,,141.686,365.7024040819059,-115.02995749060693,138.52273599825944
CC1CC[S](=O)(=O)C1,366.9409,129.8729,-220.6092,372.0,129.7,,,
CC1CN1,285.1206,64.3836,178.0313,,70.686,281.4024590596052,176.7764595867886,65.89694417713363
CC1CO1,280.6624,62.3788,-26.4733,287.4,63.686,280.1613808858355,-26.364914102574833,62.65016376157921
CC1COC(=O)O1,321.9933,87.7246,-432.9661,,99.286,332.8473951699957,-439.7295527308938,93.62846556153403
CC1C[C@H](C)[C@H](C)C1,360.036,148.4876,49.8903,390.0,150.8,392.36597478724383,43.20465607557969,149.46388391923216
CC1OC(C)OC(C)O1,394.6461,147.4552,-408.6599,,140.5,387.84976285114186,-404.8386007882647,148.85720458900616
CC1OCCO1,320.3345,81.3215,-221.3116,318.0,,328.86710446599665,-223.39382124298137,88.77921491510673
CCC#CC(C)(C)CC,479.4399,183.0867,212.6301,481.0,184.1,,,
CCC#CC(C)C,422.393,135.7571,202.1895,408.0,138.1,,,
CCC#CCC,394.0466,112.8958,197.6755,366.0,109.8,,,
CCC#CCCC(C)C,509.0241,180.0159,215.4849,481.0,184.1,,,
CCC(=C)CC(C)C,447.3837,166.8826,87.4281,,170.1,,,
CCC(=O)OC(=O)CC,467.1161,159.678,-460.9145,,142.686,470.6937402826707,-463.9300651448081,159.84540906922842
CCC(=O)OC=C,398.0315,121.662,-228.2551,,110.686,,,
CCC(C)(C)CC(C)C,468.4033,199.4299,21.8774,,200.686,,,
CCC(C)(C)CC=C,434.3771,168.9244,95.1377,406.0,169.8,,,
CCC(C)(C)\C=C\C,427.3886,169.3049,87.2322,,165.686,,,
CCC(C)(C)c1ccc(O)cc1,459.5542,209.805,3.767,,208.686,,,
CCC(C)C#CC,413.6001,138.6234,201.6221,409.0,138.1,,,
CCC(C)C(/C)=C/C,448.1659,168.6062,84.1546,,165.686,,,
CCC(C)C(=C)CC,439.7665,167.1797,93.754,447.0,170.1,,,
CCC(C)C(C)C=C,446.5152,168.1755,99.9329,446.0,169.7,,,
CCC(C)C(C)CC,457.9226,175.8406,15.0554,452.0,173.4,449.59912759512315,18.044649297507174,175.9284291607742
CCC(C)C1CCCC1,435.1681,171.1884,70.3166,447.0,171.9,,,
CCC(C)C=C(C)C,441.7305,168.2589,82.3241,441.0,166.2,,,
CCC(C)CC#C,397.0092,140.1174,223.7345,403.0,144.2,,,
CCC(C)CC(C)(C)CC,508.9724,221.8899,32.1444,,223.686,,,
CCC(C)CC(C)=C,443.6968,167.3303,87.8615,438.0,170.1,,,
CCC(C)CC(C)C,445.2018,175.5644,11.1399,448.0,183.6,450.876076960411,9.49699538923709,175.6732054425412
CCC(C)CC=C,413.825,144.7242,93.0697,417.0,144.4,,,
CCC(C)CCC=C,461.1118,167.0544,101.5024,457.0,169.9,,,
CCC(C)CCCC(C)C,541.5852,220.296,24.656,,221.686,,,
CCC(C)CCCCCO,551.4337,214.0663,-111.0495,,215.686,,,
CCC(C)CCO,421.296,147.0379,-132.481,425.0,147.5,,,
CCC(C)OC(C)=O,439.9776,152.8244,-328.2404,,146.686,,,
CCC(C)OC(C)CC,481.3999,192.8404,-110.6514,,189.686,478.218571542137,-115.15779415579526,192.7106927859552
CCC(C)\C=C/C,407.3133,145.1716,83.2565,,142.686,,,
CCC(C)\C=C\C,407.3133,145.1716,83.2565,,142.686,,,
CCC(CC)CC=C,452.8763,166.8076,105.3698,458.0,169.9,,,
CCC(O)C(C)CO,428.3161,161.1087,-275.0248,465.0,161.1,,,
CCC(O)OCC(C)OC(O)CC,614.5483,261.3248,-567.2718,,254.686,,,
CCC(O)c1ccccc1,422.4807,159.002,1.384,442.0,156.9,,,
CCC/C=C/CCC,464.9466,166.1507,95.4369,,168.686,459.3808024484741,94.82959754148432,165.69881860706425
CCC1(C)CC1,347.7472,119.3446,102.5129,376.0,118.0,,,
CCC1(C)CCCC1,373.6358,150.2934,56.3693,401.0,147.8,,,
CCC1(CC)CCCC1,391.3941,170.1023,76.9226,,174.1,,,
CCC1=CCCC1,361.0646,118.7079,116.264,,118.686,363.86360074642477,116.29006891040392,118.82055990226188
CCC1CC1,319.7485,93.1462,110.1306,331.0,89.8,,,
CCC1CC1C,344.9523,116.5904,129.3766,,114.686,,,
CCC1CCC(C)C1,380.5076,147.8056,60.2677,363.0,154.0,,,
CCC1CCC(CC)CC1,434.0952,188.4206,64.5678,,201.686,,,
CCC1CCC1,337.7567,108.4841,119.2249,342.0,108.1,345.72648121804474,114.43937516212983,108.05513978728568
CCC1CCC=C1,362.665,118.8404,125.1172,,118.686,,,
CCC1CCCC1,346.6297,124.8647,57.8454,378.0,125.2,382.183736391555,46.83189430390869,124.87898521376033
CCC1CCCC1(C)C,392.3213,171.9023,82.7279,,173.686,,,
CCC1CCCC1C,374.3609,148.4373,66.6142,,150.686,,,
CCC1CCCCC1,359.3976,142.9458,46.819,383.0,153.3,382.5346003447612,39.89087587759303,143.10446909282612
CCC1CO1,321.6152,85.0071,-14.3719,322.0,88.0,,,
CCC=C(CC)CC,449.2921,166.686,93.3112,447.0,166.4,,,
CCCC#CC,385.7626,115.3269,197.1757,373.0,112.2,,,
CCCC#CCC,433.4975,134.8536,204.7202,412.0,138.3,,,
CCCC#CCCC,472.9485,156.8115,211.7649,442.0,161.2,,,
CCCC(=C)C(C)C,443.6064,166.7571,93.7229,449.0,170.1,,,
CCCC(=C)CCC,461.7837,165.6528,92.9685,459.0,170.3,,,
CCCC(=O)CC,418.7364,137.6783,-130.2659,409.6,142.686,430.71019957657967,-133.35222471402392,138.1260308946219
CCCC(=O)CCC,455.1902,159.473,-121.1162,450.0,162.2,,,
CCCC(=O)OC,411.7579,128.4192,-311.4794,399.0,126.4,,,
CCCC(=O)OCC,452.0292,151.0883,-315.5644,442.0,148.3,,,
CCCC(C)(C)C(C)(C)C,483.3372,223.8017,36.7458,,227.686,,,
CCCC(C)(C)C=C,434.5582,169.1294,95.1765,,169.8,,,
CCCC(C)(C)CC,445.2965,177.0748,8.7124,438.0,181.9,444.9661493016912,7.772274545408902,177.2589396918906
CCCC(C)=C(C)C,445.9737,168.6731,87.2294,,166.5,,,
CCCC(C)C#C,398.5627,139.9793,223.5893,402.0,144.2,,,
CCCC(C)C(C)=C,443.6151,167.5646,89.2872,451.0,170.1,,,
CCCC(C)C(C)C,451.9262,175.6188,14.2588,452.0,175.8,451.4480387521652,13.763292929884607,175.710861400969
CCCC(C)C=C,413.746,145.038,91.907,415.0,145.5,,,
CCCC(C)CC,424.1922,152.8244,6.4068,426.0,155.9,,,
CCCC(C)CC=O,454.3424,159.4396,-93.8409,,159.686,,,
CCCC(C)CCC,464.4738,175.1839,14.2444,457.0,178.1,465.5147226847862,13.038752123377657,175.30108800615886
CCCC(C)CCC(C)C,540.0004,220.3462,25.0091,,221.686,,,
CCCC(C)CO,420.5748,147.1258,-134.3736,,144.686,,,
CCCC(C)\C=C\C,447.595,167.5312,91.0941,,165.686,,,
CCCC(CC)C=C,453.717,167.6109,102.4343,,168.9,,,
CCCC(CC)CC,463.2435,174.9078,18.7069,458.0,180.9,462.9898110507686,16.965848681623054,174.7780885835502
CCCC(F)CC,413.4039,140.1218,-203.073,412.0,143.0,,,
CCCC(O)CC,418.3332,147.7367,-143.371,420.0,148.8,,,
CCCC1(C)CCCC1,414.1712,172.6696,63.6449,,171.8,,,
CCCC1=CCCC1,402.1653,140.7076,123.7048,,141.686,,,
CCCC1CC1,360.0302,115.5058,117.9682,,112.686,,,
CCCC1CCCC1,386.9113,147.2242,65.683,416.0,146.5,429.26831380802156,53.34911495945709,146.9163470373129
CCCC1CCCC1C,414.6425,170.7968,74.4517,,173.686,,,
CCCC1CCCCC1,399.6793,165.3053,54.6566,419.86,180.686,423.29723262177515,46.54768436775646,165.47236655146733
CCCC=C(C)C,413.5146,144.8662,79.6817,400.0,143.5,,,
CCCCC#C,371.4734,116.7246,218.5903,369.0,122.6,,,
CCCCC#CC,427.629,137.6362,204.6602,412.0,138.3,,,
CCCCC#CCC,475.3639,157.163,212.2047,439.0,161.2,,,
CCCCC#CCCC,514.8149,179.1208,219.2494,481.0,184.1,,,
CCCCC#N,366.3972,107.7834,114.575,366.0,113.6,364.7511804306168,115.12805168071094,107.821094198472
CCCCC(=C)CC,462.5493,165.9624,93.0122,459.0,169.2,,,
CCCCC(=O)CC,460.6028,159.9877,-122.7814,,162.2,,,
CCCCC(=O)CCC,497.0566,181.7824,-113.6318,,188.686,,,
CCCCC(=O)CCCC,538.923,204.0917,-106.1473,534.0,211.7,550.3029742349565,-110.1817043505184,205.11257139988118
CCCCC(=O)OC,453.6243,150.7285,-303.995,,149.0,451.59881015539355,-303.5478897600897,150.76195509736158
CCCCC(C)(C)C,449.8142,177.2004,3.4019,433.0,179.4,448.4337978126072,3.480263549869041,177.2422037103671
CCCCC(C)=C,418.2933,143.9502,83.1786,410.0,149.1,,,
CCCCC(C)=O,423.1755,137.7537,-130.5942,418.0,141.2,421.29093014401315,-130.76263181677447,137.77039128724803
CCCCC(C)C,425.4895,152.6738,3.6243,420.0,155.8,423.9217566923006,3.514443319414575,152.71143879233156
CCCCC(C)C=C,455.6124,167.3473,99.3915,447.0,169.9,,,
CCCCC(C)CC,466.0586,175.1337,13.8913,465.89,176.9,466.0940034559802,12.630498355689815,175.2215920939223
CCCCC(C)CC(C)C,527.3499,220.2333,26.462,,228.686,,,
CCCCC(C)CCC,506.3402,197.4933,21.7289,,197.686,,,
CCCCC(C)CCCC,548.2066,219.8026,29.2133,,222.686,547.1797594621055,26.791476197250276,219.95738701120473
CCCCC(C)CCCO,549.8489,214.1165,-110.6964,,215.686,,,
CCCCC(C)CO,462.4412,169.4351,-126.8892,,163.686,,,
CCCCC(C)O,421.34,147.7241,-146.134,,131.686,,,
CCCCC(C)S,435.3222,153.5901,23.2152,445.0,155.9,,,
CCCCC(CC)C=O,494.1104,182.184,-87.0105,,174.686,494.4975137025849,-89.06615607976369,182.20075454172698
CCCCC(CC)CC,505.1099,197.2171,26.1914,,200.686,,,
CCCCC(CC)CCO,542.4953,213.7902,-104.8588,,215.686,,,
CCCCC(CC)CO,500.0773,191.4599,-113.7618,,191.686,504.8272722442115,-119.07343393052895,191.8657838715346
CCCCC(CC)COC(=O)C=C,622.0499,253.706,-178.6693,,261.686,,,
CCCCC(CC)COC(=O)CCCCC(=O)OCC(CC)CCCC,1137.3022,529.2961,-501.2682,,526.686,,,
CCCCC(CC)COC(C)=O,605.0062,240.9027,-282.5214,,243.686,,,
CCCCC(CC)COCCO,613.4417,249.1747,-201.1982,,247.686,,,
CCCCC(O)=O,406.9161,127.0175,-349.6733,400.0,129.7,406.5314586244697,-350.19523547526006,127.05517911684225
CCCCC(O)CC,460.1996,170.046,-135.8866,,171.686,,,
CCCCC1=CCCC1,444.0317,163.0169,131.1893,,160.686,,,
CCCCC1CCCC1,428.7777,169.5335,73.1674,454.0,161.3,,,
CCCCC1CCCCC1,441.5457,187.6147,62.1411,459.78,,463.56493690534967,53.41709467544748,187.73566412558682
CCCCC=C,386.8825,121.7415,87.9552,385.0,126.2,386.1926262939006,87.49229186714977,121.74987297390024
CCCCC=C(C)C,455.381,167.1755,87.1662,438.0,166.4,,,
CCCCC=O,383.7497,113.8714,-108.2755,379.9,115.686,383.9602043463344,-108.16406299423444,113.89651364400895
CCCCCBr,409.2046,121.9005,-2.8208,410.0,123.8,409.0061952001205,-3.8768401211685064,122.25613641498539
CCCCCC,391.8293,129.8208,0.3441,389.0,133.9,390.0619282779512,0.26947787921642136,129.77896010978804
CCCCCC#C,413.3398,139.034,226.0747,408.0,142.7,,,
CCCCCC#CC,469.4954,159.9456,212.1447,,160.686,,,
CCCCCC#CCC,517.2303,179.4723,219.6891,,184.1,,,
CCCCCC#N,408.2636,130.0928,122.0595,405.0,136.8,,,
CCCCCC(=O)CC,502.4692,182.297,-115.297,,188.686,,,
CCCCCC(=O)CCC,538.923,204.0917,-106.1473,,209.686,,,
CCCCCC(=O)OC,495.4907,173.0378,-296.5105,483.0,173.5,495.2610755378526,-296.4843483845594,173.6695879601349
CCCCCC(C)(C)C,491.6806,199.5097,10.8864,,199.686,,,
CCCCCC(C)=C,460.1597,166.2595,90.6631,458.0,171.2,,,
CCCCCC(C)=O,465.0419,160.063,-123.1097,,164.7,,,
CCCCCC(C)C,467.3559,174.9831,11.1088,459.0,178.5,465.1323675137863,9.939435537183167,175.03749629716413
CCCCCC(C)C(C)C,535.659,220.2375,29.2278,,221.686,,,
CCCCCC(C)CC,507.925,197.443,21.3757,,196.686,,,
CCCCCC(C)CCC,548.2066,219.8026,29.2133,,222.686,,,
CCCCCC(C)O,463.2064,170.0334,-138.6495,,170.686,,,
CCCCCC(O)=O,448.7825,149.3268,-342.1888,449.0,152.8,449.79322071412435,-343.0715279114332,149.9418920027112
CCCCCC=C,428.7489,144.0508,95.4396,425.0,131.2,426.72687204505326,94.4338761788407,144.09685045563708
CCCCCC=O,425.6161,136.1807,-100.791,,138.686,,,
CCCCCCBr,451.071,144.2098,4.6637,,149.0,449.6032773654218,3.2700587851351015,144.59892990134136
CCCCCCC,433.6957,152.1301,7.8285,428.0,156.5,430.58624093119,7.531024242069236,152.13012158690577
CCCCCCC#C,455.2062,161.3433,233.5592,448.0,167.3,,,
CCCCCCC#CC,511.3618,182.2549,219.6291,478.0,184.1,,,
CCCCCCC(=O)CC,544.3356,204.6063,-107.8125,,208.686,,,
CCCCCCC(C)(C)C,533.547,221.819,18.3709,,224.686,,,
CCCCCCC(C)(C)S,543.6843,223.4382,37.218,,226.686,,,
CCCCCCC(C)=C,502.0261,188.5688,98.1475,,192.686,,,
CCCCCCC(C)=O,506.9083,182.3723,-115.6252,497.0,187.8,,,
CCCCCCC(C)C,509.2223,197.2924,18.5932,498.0,201.9,,,
CCCCCCC(C)C=O,538.019,204.3553,-80.3903,,210.686,,,
CCCCCCC(C)CC,549.7914,219.7524,28.8602,,221.686,,,
CCCCCCC(O)=O,490.6489,171.6362,-334.7043,475.0,176.2,489.9058393094734,-336.0422552153502,172.28050149368636
CCCCCCC=C,470.6153,166.3601,102.9241,464.0,172.4,466.9912873316988,102.522645833159,166.41453996970787
CCCCCCC=O,467.4824,158.4901,-93.3065,461.5,164.686,463.34337426675484,-93.15356995221877,158.24319699087053
CCCCCCCBr,492.9374,166.5191,12.1482,492.0,169.6,,,
CCCCCCCC,475.5621,174.4394,15.313,467.0,179.2,476.7526370049287,13.435528480456558,174.45617909173828
CCCCCCCC#C,497.0726,183.6526,241.0437,487.0,188.4,,,
CCCCCCCC(=O)OC,579.2235,217.6564,-281.5415,573.0,219.3,575.5425963364936,-282.1972138356359,218.350990937466
CCCCCCCC(C)=C,543.8925,210.8781,105.632,,218.686,,,
CCCCCCCC(C)=O,548.7747,204.6816,-108.1407,,205.686,546.3343036994887,-108.70936148046492,205.29248320125856
CCCCCCCC(C)C,551.0887,219.6017,26.0777,539.0,223.6,545.6725491828657,24.80603955549233,219.68542731144825
CCCCCCCC(C)O,546.9392,214.6521,-123.6806,,214.686,,,
CCCCCCCC(O)=O,532.5153,193.9455,-327.2199,521.0,198.2,529.3340709019857,-327.6021647155302,194.61911098466146
CCCCCCCC/C=C/CCCCCCCC(O)=O,940.5637,408.7499,-172.2512,,391.686,,,
CCCCCCCC=C,512.4817,188.6695,110.4086,,192.686,,,
CCCCCCCC=O,509.3488,180.7994,-85.822,,188.686,,,
CCCCCCCCBr,534.8038,188.8285,19.6326,,194.8,529.46022639599,17.78523924085588,188.89958929901343
CCCCCCCCC,517.4285,196.7488,22.7975,507.0,201.6,511.25756190221165,22.662642611482557,196.79897257809426
CCCCCCCCC(C)C,592.9551,241.9111,33.5622,582.0,249.3,,,
CCCCCCCCC(C)CC,633.5242,264.371,43.8292,,271.686,,,
CCCCCCCCC(O)=O,574.3816,216.2548,-319.7354,555.0,203.8,568.6526208965465,-319.95239914479134,216.96608846639836
CCCCCCCCC=O,551.2152,203.1087,-78.3376,,210.686,,,
CCCCCCCCCBr,576.6702,211.1378,27.1171,558.0,217.8,,,
CCCCCCCCCC,559.2949,219.0581,30.2819,546.0,224.3,558.0306582261534,27.912653908270084,219.20870999054418
CCCCCCCCCC(=O)OC,662.9563,262.2751,-266.5726,634.0,263.2,,,
CCCCCCCCCC(C)CO,671.7732,280.9817,-89.4668,,287.686,,,
CCCCCCCCCC=C,596.2145,233.2881,125.3775,,243.686,,,
CCCCCCCCCCBr,618.5366,233.4471,34.6016,597.0,240.5,,,
CCCCCCCCCCC,601.1613,241.3674,37.7664,585.0,254.0,591.9466306703598,36.22716337665164,241.47200756466364
CCCCCCCCCCC#N,617.5956,241.6394,159.4819,,249.6,,,
CCCCCCCCCCC1CCCC1,679.9761,303.3895,118.0743,688.06,,,,
CCCCCCCCCCC1CCCCC1,692.744,321.4706,107.0479,694.42,,,,
CCCCCCCCCCC=C,638.0809,255.5974,132.862,,265.686,,,
CCCCCCCCCCC=O,634.948,247.7273,-63.3686,,254.686,,,
CCCCCCCCCCCC,643.0277,263.6767,45.2509,625.0,275.8,626.3300402081956,44.749336041773006,263.8064330602579
CCCCCCCCCCCC#N,659.462,263.9487,166.9663,,272.3,,,
CCCCCCCCCCCC(=O)OC,746.6891,306.8937,-251.6037,729.0,311.6,,,
CCCCCCCCCCCC=C,679.9473,277.9068,140.3465,,288.686,,,
CCCCCCCCCCCC=O,676.8144,270.0367,-55.8842,,276.686,,,
CCCCCCCCCCCCBr,702.2694,278.0657,49.5705,683.0,285.4,,,
CCCCCCCCCCCCC,684.8941,285.9861,52.7354,664.0,297.4,,,
CCCCCCCCCCCCC=C,721.8137,300.2161,147.8309,,312.686,,,
CCCCCCCCCCCCC=O,718.6808,292.346,-48.3997,,298.686,,,
CCCCCCCCCCCCCC,726.7605,308.2954,60.2198,700.4,319.686,,,
CCCCCCCCCCCCCC(=O)OC,830.4219,351.5124,-236.6347,,357.686,,,
CCCCCCCCCCCCCC(=O)OC(C)C,895.3275,397.545,-245.1015,,402.686,,,
CCCCCCCCCCCCCC=C,763.6801,322.5254,155.3154,,330.686,,,
CCCCCCCCCCCCCCC,768.6269,330.6047,67.7043,743.0,343.6,,,
CCCCCCCCCCCCCCC/C=C/C(=O)OC,974.4362,431.4191,-126.6866,,448.686,,,
CCCCCCCCCCCCCCC=C,805.5465,344.8347,162.7999,,356.686,,,
CCCCCCCCCCCCCCCC,810.4933,352.914,75.1888,782.0,366.7,,,
CCCCCCCCCCCCCCCC(=O)OC,914.1547,396.131,-221.6658,,402.686,,,
CCCCCCCCCCCCCCCC=C,847.4129,367.144,170.2843,,377.686,,,
CCCCCCCCCCCCCCCCBr,869.7349,367.303,79.5084,830.0,378.0,,,
CCCCCCCCCCCCCCCCC,852.3597,375.2233,82.6732,,390.686,,,
CCCCCCCCCCCCCCCCC=C,889.2793,389.4534,177.7688,,404.686,,,
CCCCCCCCCCCCCCCCCC,894.2261,397.5327,90.1577,,414.686,,,
CCCCCCCCCCCCCCCCCC(=O)OCCCC,1118.7852,507.6149,-193.6604,,514.686,,,
CCCCCCCCCCCCCCCCCC=C,931.1457,411.7627,185.2533,,419.686,,,
CCCCCCCCCCCCCCCCCCBr,953.4677,411.9217,94.4773,,423.686,,,
CCCCCCCCCCCCCCCCCCC,936.0925,419.842,97.6422,,437.686,,,
CCCCCCCCCCCCCCCCCCC=C,973.0121,434.072,192.7378,,447.686,,,
CCCCCCCCCCCCCCCCCCCC,977.9589,442.1513,105.1267,,460.686,,,
CCCCCCCCCCCCCCCCCCCC(=O)OC,1081.6203,485.3683,-191.7279,,494.686,,,
CCCCCCCCCCCCCCCCCCCCC,1019.8253,464.4606,112.6111,,477.686,,,
CCCCCCCCCCCCCCCCCCCCC=C,1056.7449,478.6906,207.7067,,489.686,,,
CCCCCCCCCCCCCCCCCCCCCC,1061.6917,486.7699,120.0956,,500.686,,,
CCCCCCCCCCCCCCCCCCCCCCC=C,1140.4776,523.3093,222.6756,,535.686,,,
CCCCCCCCCCCCCCCCCCCCCCCC,1145.4245,531.3886,135.0645,,546.686,,,
CCCCCCCCCCCCCCCCCCCCCCCCC,1187.2909,553.6979,142.549,,569.686,,,
CCCCCCCCCCCCCCCCCCCCCCCCC=C,1224.2104,567.9279,237.6446,,581.686,,,
CCCCCCCCCCCCCCCCCCCCCCCCCC,1229.1573,576.0072,150.0335,,592.686,,,
CCCCCCCCCCCCCCCCCCCCCCCCCCC,1271.0237,598.3166,157.518,,614.686,,,
CCCCCCCCCCCCCCCCCCCCCCCCCCC=C,1307.9432,612.5466,252.6135,,627.686,,,
CCCCCCCCCCCCCCCCCCCCCCCCCCCC,1312.8901,620.6259,165.0024,,638.686,,,
CCCCCCCCCCCCCCCCCCCCCCCCCCCCC,1354.7564,642.9352,172.4869,,660.686,,,
CCCCCCCCCCCCCCCCCCCCCCCCCCCCC=C,1391.676,657.1652,267.5825,,673.686,,,
CCCCCCCCCCCCCCCCCCCCCCCCCCCCCC,1396.6228,665.2445,179.9714,,683.686,,,
CCCCCCCCCCCCCCCCCCCCO,1021.4676,458.7746,-27.2986,,469.686,,,
CCCCCCCCCCCCCCCCCCCO,979.6012,436.4653,-34.7831,,440.686,,,
CCCCCCCCCCCCCCCCCCO,937.7348,414.1559,-42.2675,,424.686,,,
CCCCCCCCCCCCCCCCCCc1ccccc1,1035.7558,477.046,248.4847,,484.686,,,
CCCCCCCCCCCCCCCCCO,895.8684,391.8466,-49.752,,400.686,,,
CCCCCCCCCCCCCCCCCc1ccccc1,993.8894,454.7366,241.0002,,461.686,,,
CCCCCCCCCCCCCCCCO,854.002,369.5373,-57.2365,853.0,377.686,,,
CCCCCCCCCCCCCCCO,812.1356,347.228,-64.721,,349.686,,,
CCCCCCCCCCCCCCCc1ccccc1,910.1567,410.118,226.0313,,415.686,,,
CCCCCCCCCCCCCCF,763.3065,316.8059,-127.3246,741.0,326.5,,,
CCCCCCCCCCCCCCO,770.2692,324.9186,-72.2054,,329.686,,,
CCCCCCCCCCCCCCc1ccccc1,868.2903,387.8087,218.5468,,392.686,,,
CCCCCCCCCCCCCO,728.4028,302.6093,-79.6899,,307.686,,,
CCCCCCCCCCCCCc1ccccc1,826.4239,365.4994,211.0623,,376.686,,,
CCCCCCCCCCCCF,679.5737,272.1872,-142.2936,662.0,280.5,,,
CCCCCCCCCCCCN,687.4224,283.6932,116.6588,,290.686,,,
CCCCCCCCCCCCO,686.5364,280.3,-87.1744,676.0,284.5,,,
CCCCCCCCCCCCS,701.3317,286.5844,73.6047,690.0,291.4,,,
CCCCCCCCCCCCc1ccccc1,784.5575,343.19,203.5779,,352.686,,,
CCCCCCCCCCCF,637.7073,249.8779,-149.778,622.0,257.7,,,
CCCCCCCCCCCN,645.556,261.3839,109.1743,,270.686,,,
CCCCCCCCCCCO,644.67,257.9907,-94.6588,,261.686,,,
CCCCCCCCCCCOC(=O)c1ccccc1C(=O)OCCCCCCCCCCC,1353.434,657.2445,-307.4477,,,,,
CCCCCCCCCCCS,659.4653,264.275,66.1202,,272.686,,,
CCCCCCCCCCCc1ccccc1,742.6911,320.8807,196.0934,,327.686,,,
CCCCCCCCCCF,595.8409,227.5686,-157.2625,583.0,234.9,,,
CCCCCCCCCCO,602.8036,235.6814,-102.1433,583.0,238.7,594.6188731663641,-102.3442739094416,236.2127253709112
CCCCCCCCCCS,617.5989,241.9657,58.6357,612.0,249.6,,,
CCCCCCCCCCc1ccccc1,700.8247,298.5714,188.6089,674.0,,,,
CCCCCCCCCF,553.9745,205.2593,-164.747,543.0,211.9,,,
CCCCCCCCCO,560.9372,213.372,-109.6278,558.0,212.6,554.4036037589015,-109.47328326485528,213.8699318845552
CCCCCCCCCOC(C)=O,666.1608,262.7939,-278.111,,261.686,,,
CCCCCCCCCOCCCCCCCCC,932.0019,411.9928,-15.9036,,418.686,,,
CCCCCCCCCS,575.7325,219.6564,51.1513,,222.686,,,
CCCCCCCCCc1cccc(O)c1CCCCCCCCC,1042.8545,497.8317,95.8387,,512.686,,,
CCCCCCCCCc1ccccc1,658.9583,276.2621,181.1245,,281.686,,,
CCCCCCCCCl,523.476,187.0168,-13.2873,,194.0,518.1138905717849,-14.40494418550162,187.13394324828664
CCCCCCCCF,512.1081,182.9499,-172.2314,503.0,189.0,,,
CCCCCCCCN(CCCCCCCC)CCCCCCCC,1163.3726,549.953,247.9741,,563.686,,,
CCCCCCCCNCCCCCCCC,847.5852,372.0058,167.4562,,380.686,,,
CCCCCCCCO,519.0708,191.0627,-117.1123,519.0,192.7,513.506292603533,-117.79132850221333,191.1338428323975
CCCCCCCCOC(=O)CCCCC(=O)OCCCCCCCC,1175.8787,528.4598,-507.4164,,529.686,,,
CCCCCCCCOC(=O)c1ccc(cc1)C(=O)OCCCCCCCC,1095.8911,519.487,-368.9505,,,,,
CCCCCCCCOC(=O)c1ccccc1C(=O)OCCCCCCCC,1102.2356,523.3886,-352.3546,,,,,
CCCCCCCCOC(C)=O,624.2944,240.4846,-285.5955,,238.686,,,
CCCCCCCCOC=O,578.5739,215.2676,-261.0295,,215.686,,,
CCCCCCCCOCCCCCCCC,848.2691,367.3742,-30.8726,,374.686,,,
CCCCCCCC\C=C/CCCCCCCC(=O)OC,987.2719,432.4609,-126.5729,,433.686,,,
CCCCCCCC\C=C/CCCCCCCC(=O)OCC(O)CO,1116.6662,507.1293,-399.2395,,510.686,,,
CCCCCCCF,470.2417,160.6406,-179.7159,464.0,166.1,,,
CCCCCCCN,478.0904,172.1466,79.2364,,176.686,,,
CCCCCCCO,477.2044,168.7534,-124.5967,479.0,169.8,472.85920119160187,-124.8192552488222,168.807785327565
CCCCCCCOC(=O)c1ccccc1C(=O)OCCCCCCC,1018.5028,478.77,-367.3235,,,,,
CCCCCCCOC(C)=O,582.428,218.1753,-293.08,,215.686,,,
CCCCCCCOC=O,536.7075,192.9583,-268.514,,191.686,,,
CCCCCCCS,491.9997,175.0378,36.1823,494.0,181.1,489.95135034266923,36.30777704325414,175.38502606629123
CCCCCCCc1ccccc1,575.2255,231.6434,166.1555,,238.686,,,
CCCCCCF,428.3753,138.3313,-187.2004,424.0,143.2,,,
CCCCCCN,436.224,149.8373,71.752,,153.686,,,
CCCCCCO,435.338,146.4441,-132.0812,440.0,146.8,432.2890624503151,-132.26834560638645,146.47335983197075
CCCCCCOC(=O)c1ccccc1C(=O)OCCCCCC,934.7701,434.1513,-382.2924,,,,,
CCCCCCOC(C)=O,540.5616,195.8659,-300.5644,,189.686,,,
CCCCCCOC=O,494.8411,170.649,-275.9985,,169.686,,,
CCCCCCOCCCCCC,680.8035,278.1369,-60.8105,,283.686,,,
CCCCCCOCCOCCO,664.733,261.9281,-299.6824,,258.686,,,
CCCCCCS,450.1333,152.7284,28.6979,455.0,157.6,449.32631055287317,28.83004895274596,153.08407253374395
CCCCCC[C@@H](C)O,505.0728,192.3428,-131.1651,505.0,193.8,,,
CCCCCC\C=C\C,504.3901,188.7152,102.6567,,197.686,,,
CCCCCCc1ccccc1,533.3591,209.3341,158.671,,215.686,,,
CCCCCCl,397.8768,120.0888,-35.7407,397.0,124.1,396.83458507317806,-35.22355899015088,120.48212237349689
CCCCCF,386.5089,116.022,-194.6849,384.0,120.3,,,
CCCCCN,394.3576,127.528,64.2675,403.0,131.9,,,
CCCCCN(CCCCC)CCCCC,786.5751,349.1691,180.6139,,357.686,,,
CCCCCO,393.4716,124.1348,-139.5657,401.0,124.0,392.0273852957667,-139.3273331631842,124.14311833175736
CCCCCOC,433.5971,144.2056,-95.2081,431.0,150.0,,,
CCCCCOC(C)=O,498.6952,173.5566,-308.0489,482.0,167.4,,,
CCCCCOC=O,452.9747,148.3397,-283.483,448.0,147.7,,,
CCCCCOCCCCC,597.0707,233.5182,-75.7794,583.0,231.2,,,
CCCCCSC,453.5582,153.9251,33.0665,451.0,155.2,452.0854292360861,32.01710040752115,154.24303925424465
CCCCC[C@@H](C)O,463.2064,170.0334,-138.6495,465.0,170.8,,,
CCCCC\C=C\C,462.5237,166.4059,95.1722,,169.686,,,
CCCCCc1ccccc1,491.4927,187.0248,151.1866,,190.686,,,
CCCCN(C)C,419.2262,147.0547,115.4725,,150.6,,,
CCCCN(CCCC)CCCC,660.9759,282.2411,158.1604,657.0,285.5,,,
CCCCNCCCC,512.654,193.5313,107.5804,505.0,194.7,513.9463172891058,103.5021076876731,193.4475922780181
CCCCOC,391.7308,121.8963,-102.6925,390.0,127.1,391.790640360493,-103.06328012685874,121.94233676142021
CCCCOC(=O)CCCCCCCCC(=O)OCCCC,1008.4131,439.2225,-537.3543,,437.686,,,
CCCCOC(=O)c1ccccc1C(=O)OCCCC,767.3045,344.914,-412.2303,,,,,
CCCCOC(C)=O,456.8288,151.2473,-315.5334,443.0,147.8,456.4555087738383,-315.9337450524255,151.36026643682584
CCCCOC(O)CC,493.1941,183.7279,-280.5305,,169.686,,,
CCCCOC=C,414.932,136.118,-29.3191,428.0,132.1,418.8661741964637,-30.675783829694655,136.5949467377388
CCCCOC=O,411.1083,126.0304,-290.9674,408.0,124.8,,,
CCCCOCC,432.7115,144.7035,-107.8697,429.0,149.7,432.51733446022274,-109.07462298017623,144.73700174891007
CCCCOCCCC,513.3379,188.8996,-90.7483,502.0,194.6,512.4517494958286,-94.1264297130616,189.02929315582037
CCCCOCCO,465.2643,159.5193,-234.2102,479.0,157.7,,,
CCCCOCCOC(C)=O,572.5647,209.0374,-395.9745,,201.686,,,
CCCCOCCOCCO,581.0002,217.3094,-314.6513,,213.686,,,
CCCCOCCOCCOC(C)=O,688.3006,266.8275,-476.4156,,257.686,,,
CCCCOCCOCCOCCCC,744.8097,304.4798,-251.6306,,302.686,,,
CCCCOCCOCCOCCO,696.7361,275.0996,-395.0925,,268.686,,,
CCCCSC,411.6918,131.6157,25.582,412.0,131.9,411.9238266821754,24.58277984653105,131.91698174941214
CCCCSCCCC,527.7003,198.506,48.5735,527.0,199.5,534.9533518405395,44.00854037137143,198.91189024543314
CCCC[C@@H](CC)CO,500.0773,191.4599,-113.7618,498.0,191.8,504.8272722442115,-119.07343393052895,191.8657838715346
CCCC[C@H](CC)COC(C)=O,605.0062,240.9027,-282.5214,606.0,243.6,,,
CCCC[C@H](O)CC,460.1996,170.046,-135.8866,471.0,171.6,,,
CCCC\C=C/C,420.6573,144.0966,87.6877,423.0,139.0,,,
CCCC\C=C/CC,466.1353,166.113,95.382,,161.686,,,
CCCC\C=C\C,420.6573,144.0966,87.6877,415.0,148.4,,,
CCCC\C=C\CC,466.1353,166.113,95.382,465.0,166.4,,,
CCCCc1ccccc1,449.6263,164.7155,143.7021,440.0,169.6,445.07651351848904,141.88449001280304,164.75716149385372
CCCCc1cccnc1,437.0884,157.2659,215.3631,,157.7,,,
CCCN(CCC)CCC,541.5565,215.1625,131.3029,531.0,216.6,,,
CCCNCC,392.8539,126.4401,80.8818,393.0,129.5,392.9561129009314,81.08063479577919,126.46105177275885
CCCNCCC,433.0411,148.8122,89.6754,430.0,149.0,433.22565169912053,88.59175275934496,148.862421194447
CCCOC(=O)C(C)=C,464.9912,165.2637,-224.5221,,150.686,,,
CCCOC(=O)C(C)C,481.307,173.9329,-308.8726,,160.686,,,
CCCOC(=O)C=C,433.36,141.8124,-220.1909,446.0,148.6,,,
CCCOC(=O)CC,454.2872,151.2808,-315.4807,442.0,147.6,,,
CCCOC(=O)\C=C/C(=O)OCCC,639.9027,250.5178,-519.3838,,251.686,,,
CCCOC(=O)c1ccccc1,488.8932,184.4796,-159.8876,,159.686,,,
CCCOC(=O)c1ccccc1C(=O)OCCC,686.2794,300.4377,-429.2495,,,,,
CCCOC(C)=O,416.3163,129.0091,-324.043,403.0,127.6,,,
CCCOC=O,370.5958,103.7922,-299.477,,101.7,,,
CCCOCC,392.1989,122.4653,-116.3793,388.1,126.5,392.09774252529223,-116.45600085353506,122.45278419788625
CCCOCC(C)O,452.3409,161.0964,-253.2596,,155.686,,,
CCCOCCC,432.3129,144.4232,-107.7675,423.0,147.6,431.7773280587098,-109.16989983515059,144.46922604453442
CCCOCCO,424.7518,137.2811,-242.7198,438.0,135.1,,,
CCCSCCC,446.5342,154.5401,31.94,,153.1,453.8462804281064,29.612720182756917,154.5359189309055
CCC[C@@H](C)CC,424.1922,152.8244,6.4068,407.0,164.9,,,
CCC[C@@H](C)CC=C,454.1066,167.0837,100.9073,441.0,169.6,,,
CCC[C@@H]1CCC[C@@H]1C,414.6425,170.7968,74.4517,414.0,174.3,,,
CCC[C@@H]1CC[C@H](C)C1,420.7892,170.1652,68.1053,414.0,,,,
CCC[C@H]1CCC[C@@H]1C,414.6425,170.7968,74.4517,414.0,174.3,,,
CCC[C@H]1CC[C@H](C)C1,420.7892,170.1652,68.1053,,174.3,,,
CCC[CH]=[C]=[CH2],370.7397,114.846,214.4485,371.0,120.0,,,
CCC[S](=O)(=O)CCC,475.0781,181.0164,-246.3536,,179.686,484.3195692158356,-252.32602131327246,180.5896581675774
CCC\C(C)=C/C,416.5178,144.816,80.6964,,143.686,,,
CCC\C(C)=C\C,416.5178,144.816,80.6964,,143.686,,,
CCC\C=C(/CC)C=O,471.4539,172.4099,-12.8994,,174.686,,,
CCC\C=C/C,378.791,121.7873,80.2033,386.0,119.8,381.80274424073036,83.94842644117722,120.80821586068969
CCC\C=C/CC,424.2689,143.8037,87.8976,,135.686,419.8249859836155,87.71336870204095,143.53593692208565
CCC\C=C/CCC,464.9466,166.1507,95.4369,,161.686,459.3808024484741,94.82959754148432,165.69881860706425
CCC\C=C\C,378.791,121.7873,80.2033,382.0,126.1,378.5660701404986,79.91961649498339,121.81237475209828
CCC\C=C\C(C)C,453.6966,167.1086,90.575,,165.686,,,
CCC\C=C\CC,424.2689,143.8037,87.8976,,145.686,419.8249859836155,87.71336870204095,143.53593692208565
CCCc1cccc(C)c1,448.505,167.1181,140.2401,,167.686,,,
CCCc1cccc(C)c1C,481.728,191.4489,135.9636,,195.686,,,
CCCc1ccccc1,407.7599,142.4061,136.2176,400.0,146.0,404.18490736634226,134.2512752817921,142.44783997054466
CCCc1ccccc1C,444.7522,166.417,140.8438,,170.686,,,
CCCc1sccc1,397.1387,133.5883,130.4003,,129.686,,,
CCN(CC)CCO,447.7953,163.0127,-28.5562,,156.686,,,
CCN(CC)c1ccccc1,465.793,182.8857,246.9034,462.0,172.7,,,
CCN1CCOCC1,375.7635,131.8955,26.5311,,,375.2732280361163,27.432609767118816,131.95412140280996
CCNCC(C)=C,412.2225,140.7787,165.7026,,137.686,,,
CCNc1ccccc1,396.5249,139.5019,204.4883,,138.9,396.86454515786215,203.4073808188916,142.3390560906421
CCOC(=O)C(=O)OCC,487.3975,170.0839,-584.9537,,157.1,487.3847080826423,-570.7807014049857,164.70328585893242
CCOC(=O)C=C,393.2461,119.8545,-228.8027,407.0,111.8,,,
CCOC(=O)CC,414.1733,129.3229,-324.0925,403.0,126.7,412.5044877534455,-323.33051651422977,129.32708860865418
CCOC(=O)CC#N,424.1989,130.3564,-172.8353,414.0,117.4,,,
CCOC(=O)CC(=O)OCC,542.8748,195.2802,-601.6328,554.0,173.4,,,
CCOC(=O)CC(C)=O,474.2919,158.4103,-428.4672,443.0,139.6,,,
CCOC(=O)CCC(=O)OCC,595.9618,216.9745,-616.5039,,209.686,,,
CCOC(=O)CCl,414.3472,119.7541,-333.1625,,112.1,,,
CCOC(=O)OCC,431.2312,142.8876,-473.7285,404.0,,439.3089690216982,-476.21467804155543,142.93369973975547
CCOC(=O)[C@H](C)O,434.1774,146.7618,-455.0421,456.0,138.4,,,
CCOC(=O)\C=C/C(=O)OCC,559.6748,206.6021,-536.6074,,215.686,,,
CCOC(=O)c1ccccc1,448.7792,162.5218,-168.4994,455.0,135.3,,,
CCOC(=O)c1ccccc1C(=O)OCC,606.0515,256.5219,-446.4731,,,,,
CCOC(C)OCC,455.1421,160.7659,-263.8251,,151.686,454.71264323908184,-251.29691292268814,161.59431913843167
CCOCCO,384.6379,115.3233,-251.3316,399.0,112.6,,,
CCOCCOC(C)=O,491.9382,164.8414,-413.0959,,156.3,,,
CCOCCOCC,467.8209,158.2976,-205.4322,,152.686,471.47876195576686,-210.882783528447,160.69083428867896
CCOCCOCCO,500.3738,173.1134,-331.7727,,169.0,,,
CCOCCOCCOC(C)=O,607.6741,222.6315,-493.537,612.0,212.4,,,
CCOCCOCCOCC,583.5568,216.0877,-285.8733,586.0,212.1,,,
CCOCOCC,421.4137,136.9172,-231.8277,418.0,123.5,427.326282603784,-244.8735121712426,136.90037840054225
CCOCc1ccccc1,433.7812,157.2467,29.3319,,145.686,,,
CCOc1ccc(N)cc1,422.3073,161.4179,69.4215,,150.686,,,
CCOc1ccccc1,396.5297,137.75,27.4573,402.0,123.9,392.22040877634873,16.384060232797502,136.19276687614538
CCSCCO,406.6158,126.7246,-109.7966,,121.686,,,
CCSSCC,426.1272,133.0341,16.513,414.0,133.2,420.75025221124156,17.42317063169962,133.02992452072334
CC[C@@H]1CCC[C@H]1C,374.3609,148.4373,66.6142,375.0,151.4,,,
CC[C@@H]1C[C@@H]1C,344.9523,116.5904,129.3766,364.0,115.0,,,
CC[C@H]1CCC[C@@H]1CC,417.6366,170.8875,69.5816,414.0,174.3,,,
CC[C@H]1CCC[C@H]1C,374.3609,148.4373,66.6142,375.0,151.4,,,
CC[C@H]1CC[C@@H](C)C1,380.5076,147.8056,60.2677,375.0,151.4,,,
CC[C@H]1CC[C@H](C)C1,380.5076,147.8056,60.2677,375.0,151.4,,,
CC[C@H]1CC[C@H](CC)C1,427.3056,170.1992,79.6196,414.0,174.3,,,
CC[C@H]1C[C@H]1C,344.9523,116.5904,129.3766,377.0,115.0,,,
CC[CH]=[C]=[CH]C,360.0159,114.1094,211.133,368.0,116.0,,,
CC\C(C)=C(C)/CC,446.2883,168.5016,87.0144,,165.686,,,
CC\C(C)=C(C)\CC,446.2883,168.5016,87.0144,,165.686,,,
CC\C=C(/C)C=O,399.4397,127.716,-42.9217,409.0,129.4,,,
CC\C=C(C)/CC,416.0141,144.6988,81.6207,,143.686,413.96849468214185,81.8389245458273,144.44360576721925
CC\C=C/C(C)C,413.0189,144.7616,83.0357,,142.686,,,
CC\C=C/CC,383.5912,121.4567,80.3582,378.0,118.5,377.3254914939374,87.03225266311306,120.6032000870271
CC\C=C\CC,383.5912,121.4567,80.3582,376.0,128.0,380.4468502045974,80.09711308502716,121.469287130867
CC\C=C\C\C=C\C\C=C\C\C=C\C\C=C\C\C=C\CCC(O)=O,1034.3163,455.8991,269.406,,391.686,,,
CCc1c(CC)c(CC)c(CC)c(CC)c1CC,746.4751,357.1455,138.6007,,370.686,,,
CCc1cc(C)cc(C)c1,454.3743,170.8015,127.531,,165.686,,,
CCc1cc(C)ccc1C,442.3992,169.4246,138.1083,,169.686,,,
CCc1cc(CC)c(CC)c(CC)c1,589.716,263.9816,165.9521,,277.686,,,
CCc1cc(CC)c(CC)c(CC)c1CC,668.9187,313.3697,157.2943,,328.686,,,
CCc1cc(CC)cc(CC)c1,509.0309,212.8968,157.2802,,215.686,,,
CCc1ccc(C)c(C)c1,427.7961,166.951,131.3481,,169.686,,,
CCc1ccc(C)c(C)c1C,474.1666,194.0652,132.519,,199.686,,,
CCc1ccc(C)cc1,405.5824,144.7215,125.6667,399.0,141.9,412.80708526145787,121.48071487745078,145.48097846915977
CCc1ccc(C)cc1C,444.6591,170.6576,136.034,,169.686,,,
CCc1ccc(C=C)cc1,421.5662,158.1309,227.1658,,159.686,,,
CCc1ccc(CC)c(CC)c1,519.0525,215.7481,152.259,,219.686,,,
CCc1ccc(CC)cc1,439.6316,166.9086,141.24,,170.686,,,
CCc1ccc(O)cc1,394.2448,139.0761,-17.6658,391.0,143.5,390.1669810799729,-22.94273658401881,139.39326518999522
CCc1cccc(C)c1,407.4043,145.1184,132.7993,404.0,141.5,415.6759753311632,120.62142900178239,145.51863442758759
CCc1cccc(C)c1C,440.6272,169.4492,128.5228,,174.686,,,
CCc1cccc(C=C)c1,420.6568,159.007,231.5442,,159.686,,,
CCc1cccc(CC)c1,437.4454,166.8709,146.232,,171.686,,,
CCc1cccc(CC)c1CC,518.4133,215.9693,154.9532,,220.686,,,
CCc1cccc(CC)c1N,459.9885,192.0075,187.2435,,193.686,,,
CCc1cccc(O)c1,397.1281,140.792,-21.4203,,143.686,389.99966795812657,-24.84096930620989,139.30958528237784
CCc1ccccc1,366.6591,120.4064,128.7768,361.0,119.0,367.0276468791578,127.76909872555501,119.98789461352435
CCc1ccccc1C,403.6514,144.4173,133.403,400.0,147.7,390.97113879986273,129.9785594085504,144.7864352359355
CCc1ccccc1C(C)C,465.0778,191.3067,144.8914,,192.686,,,
CCc1ccccc1C=C,425.0586,159.0702,231.5914,,159.686,,,
CCc1ccccc1CC,446.5553,168.3357,143.4059,,175.686,,,
CCc1ccccc1N,385.24,142.28,180.6224,396.0,148.3,,,
CCc1ccccc1O,391.4342,139.4996,-16.7701,393.0,141.2,381.85416190388526,-21.871534731345655,139.17151343480916
CCc1cccnc1,354.1213,112.9568,200.4378,364.0,117.6,364.6253486104951,190.70030999221777,115.33110775461705
CCc1sccc1,358.8431,111.1158,121.9427,,108.686,361.97438072684366,123.925787135051,111.26426424441227
CN(C)CCN(C)C,439.3915,163.9413,226.7773,,169.686,,,
CN(C)c1ccccc1,388.9018,137.7734,237.8451,,129.4,391.9193656226203,238.70689317422992,140.08362442783863
CN(CCO)CCO,438.0488,153.674,-172.2033,,152.686,,,
CN1CCCC1,335.194,97.2659,140.4939,329.0,95.0,329.69254554278973,137.45669514572856,97.50702927959968
CN1CCCC1=O,355.8512,105.9936,-74.5661,343.0,95.0,,,
CN1CCCCC1,341.8611,115.6406,131.5924,,138.8,338.87066655230416,131.31749742684286,115.715777177142
CNC1CCCCC1,345.5658,139.3923,135.6367,378.0,144.3,,,
CNCc1ccccc1,400.6818,138.5063,229.3791,,118.7,,,
CNc1ccccc1,356.3417,116.9374,203.724,341.0,116.9,357.470479192991,202.44014267424248,119.84145477519394
COC(=O)CCC(=O)OC,515.4193,171.6362,-608.334,,167.686,,,
COC(=O)\C=C/C(=O)OC,479.1323,161.2638,-528.4374,499.0,158.6,,,
COC(=O)c1ccc(cc1)C(=O)OC,519.1645,207.282,-454.8991,,,,,
COC(=O)c1ccccc1,408.508,139.8526,-164.4145,415.0,115.6,407.41067697045264,-169.48280457394375,140.52738609072577
COC(=O)c1ccccc1O,419.3531,156.4993,-339.1309,456.0,135.7,,,
COC1CCCCO1,368.0705,128.6418,-207.2148,367.4,132.51600000000002,373.1836987355966,-207.88353447193796,128.87051680710945
COCCC#N,362.1664,100.7836,17.4666,364.0,98.7,,,
COCCOC,385.8594,112.6832,-195.0779,385.0,113.9,,,
COCCOCCO,459.393,150.3062,-326.5955,476.0,147.5,,,
COCCOCCOC,501.5953,170.4733,-275.519,503.0,169.9,,,
COCCOCCOCCOC,617.3312,228.2634,-355.9601,622.0,226.2,,,
COCCOCCOCCOCCOC,733.0671,286.0535,-436.4012,,272.686,,,
COc1cc(C=O)ccc1O,441.6181,165.3692,-229.5478,,154.686,,,
COc1cc(ccc1O)C(C)=O,468.0402,186.846,-259.061,,181.686,,,
COc1ccc(C(=O)O)cc1,430.9432,157.6836,-308.5483,413.0,,423.5432710475888,-320.96695438608236,157.10019179434826
COc1ccc(O)cc1,374.4844,134.5379,-121.4925,,122.686,376.2972530396726,-122.90969226713973,132.8453124189351
COc1ccc(\C=C\C)cc1,447.6738,175.0735,118.3701,,166.1,,,
COc1ccccc1,356.0401,114.6206,32.1772,361.0,103.5,351.68496836899493,22.246487786917484,113.07593424432861
COc1ccccc1O,370.8575,134.147,-126.2626,399.0,123.1,,,
CSc1ccccc1,381.5114,123.6481,157.956,,116.4,374.2546247792942,156.99079822263877,122.05478833167369
C[C@@H]1CCC[C@H](O)C1,358.0997,138.3512,-112.0235,389.0,141.5,365.7024040819059,-115.02995749060693,138.52273599825944
C[C@@H]1CCC[C@H]1C,324.4052,126.0123,53.4645,,129.7,359.498961950746,41.23226642845786,126.2092375923617
C[C@@H]1CC[C@@H](C)C1,332.3188,125.6031,49.1547,367.0,129.7,363.4921099888706,41.614380685003724,126.01677380484172
C[C@@H]1CC[C@@H](C)C1C,358.2524,149.2148,54.8977,390.0,150.8,,,
C[C@@H]1CC[C@H](C)C1,332.3188,125.6031,49.1547,367.0,129.7,363.4921099888706,41.614380685003724,126.01677380484172
C[C@@H]1CC[C@H](C)O1,348.1007,121.5923,-82.3655,,107.3,,,
C[C@@H]1CC[C@H]1C,328.3979,109.8014,107.602,,110.3,330.7649656912379,106.71064308009005,109.52764800883661
C[C@@H]1CO1,280.6624,62.3788,-26.4733,287.0,64.3,280.1613808858355,-26.364914102574833,62.65016376157921
C[C@@H]1C[C@@H]1C,301.8838,94.3428,106.7812,310.0,94.7,309.37772135427565,107.05627691355028,93.14312209735321
C[C@@H]1C[C@H]1C,301.8838,94.3428,106.7812,317.0,97.3,309.37772135427565,107.05627691355028,93.14312209735321
C[C@@H]1O[C@@H]1C,302.456,87.4339,-20.4625,,88.33600000000001,,,
C[C@@H]1O[C@H]1C,302.456,87.4339,-20.4625,,90.006,,,
C[C@H]1CCCC[C@@H]1C,342.9391,144.0167,49.4488,371.0,149.1,368.141653054735,41.1110770859309,143.56445043220674
C[C@H]1CCCC[C@H]1C,342.9391,144.0167,49.4488,374.0,145.5,368.141653054735,41.1110770859309,143.56445043220674
C[C@H]1CCC[C@@H](C)C1,347.4986,143.3434,39.796,371.0,147.1,371.3847695455344,29.242036392391825,144.3301215869058
C[C@H]1CCC[C@@H](O)C1,358.0997,138.3512,-112.0235,389.0,141.5,365.7024040819059,-115.02995749060693,138.52273599825944
C[C@H]1CCC[C@@H]1C,324.4052,126.0123,53.4645,,126.186,358.8903261424399,41.89081780373714,126.2092375923617
C[C@H]1CCC[C@H](C)C1,347.4986,143.3434,39.796,376.0,147.0,371.3847695455344,29.242036099512145,144.3301215869058
C[C@H]1CCC[C@H]1C,324.4052,126.0123,53.4645,,129.4,359.498961950746,41.23226642845786,126.2092375923617
C[C@H]1CC[C@@H](C)CC1,360.8456,143.8101,37.3944,370.87,145.48600000000002,365.46363250294974,31.339986109135335,144.24644167928838
C[C@H]1CC[C@H](C)C1,332.3188,125.6031,49.1547,,126.186,363.4921099888706,41.614380685003724,126.01677380484172
C[C@H]1CC[C@H](C)CC1,360.8456,143.8101,37.3944,365.89,146.086,365.4546015999598,31.328223391881377,144.23807368852667
C[C@H]1CC[C@H]1C,328.3979,109.8014,107.602,,110.3,330.7649656912379,106.71064308009005,109.52764800883661
C[C@H]1C[C@H](C)[C@@H](C)C1,369.1475,148.1675,52.7627,,153.7,392.36597478724383,43.20465607557969,149.46388391923216
C\C=C/C=C\C,364.5425,113.4692,142.3488,357.0,109.2,352.7592707296051,146.50694869584865,113.414837870179
C\C=C/CC(C)(C)C,430.8033,169.0957,82.0753,,165.686,,,
C\C=C/CC(C)C,407.0308,144.6193,82.5353,,142.686,,,
C\C=C/CC=C,369.4793,113.5866,170.0453,379.0,109.9,,,
C\C=C/c1ccccc1,383.9189,133.4706,216.0712,,131.686,,,
Cc1c(C)c(C)c(C)c(C)c1C,487.7655,220.6204,134.8549,461.0,238.6,483.51940277649936,147.68274670928764,221.28216463185024
Cc1c(F)c(F)c(F)c(F)c1F,431.3621,162.5251,-742.7774,,156.0,430.1883947264922,-746.8962664954017,160.57657565082047
Cc1cc(Br)ccc1Br,402.0924,134.5978,133.4254,,143.1,,,
Cc1cc(C)c(C)c(C)c1,434.2089,172.0205,117.3579,,174.686,436.10599482858174,115.22281599625114,173.1243777980469
Cc1cc(C)c(C)c(C)c1C,461.0889,193.3633,122.8466,,201.686,456.31565600863576,127.84698618444726,196.87273557985992
Cc1cc(C)c(C)cc1C,413.6362,171.0066,111.9009,419.0,176.1,408.0421269340519,118.20779394659549,172.89844204748
Cc1cc(C)cc(C)c1,423.3644,152.5072,111.7986,385.3,139.2,422.33088981029766,106.88160150791194,149.42622796080434
Cc1cc(C)cc(N)c1,406.241,147.9614,169.0169,,140.0,,,
Cc1cc(C)cc(O)c1,412.0311,147.1791,-42.9689,392.0,144.2,410.75365739772224,-42.76998376609792,143.27575475092675
Cc1cc(C)nc(C)c1,413.8013,143.0885,156.877,390.0,134.7,419.96468377362913,150.2019540932027,142.80296327288855
Cc1ccc(Br)cc1,399.8166,115.4858,115.0733,364.0,115.0,380.8926723178498,124.3549198346485,116.0965207568011
Cc1ccc(C)c(C)c1,393.0444,146.97,111.7719,396.0,143.5,402.8106881835602,112.428498196698,148.30073320335055
Cc1ccc(C)c(C)c1C,420.2267,168.9058,126.1091,,180.1,416.9049667372367,126.17233709613984,172.1202189066383
Cc1ccc(C)c(O)c1,390.2609,141.1593,-44.5321,394.0,148.7,395.15831552345963,-38.724096382517594,142.9201151435529
Cc1ccc(C)cc1,376.5048,123.1015,109.7089,352.0,117.4,389.9980272880179,109.78645904286923,123.8243602252663
Cc1ccc(C)o1,330.2409,109.3583,-41.6328,,105.636,,,
Cc1ccc(C=C)cc1,387.3891,135.9755,212.9026,,132.686,,,
Cc1ccc(C=O)cc1,385.6318,128.0544,23.6332,,121.686,,,
Cc1ccc(Cl)c(Cl)c1,397.031,130.4068,61.1132,383.0,129.4,,,
Cc1ccc(Cl)cc1,389.327,114.3676,70.0312,,113.1,369.39209823184353,88.28659920671447,114.35179468297868
Cc1ccc(Cl)cc1C,380.9915,136.2669,82.8511,385.0,137.5,384.69684376124445,89.33758851242229,138.89092759177592
Cc1ccc(Cl)cc1Cl,377.1734,129.3252,56.1381,379.0,129.9,,,
Cc1ccc(F)cc1,362.9514,110.9045,-80.245,339.0,107.3,358.56077650770277,-72.98317351865644,110.50670292795996
Cc1ccc(F)cc1F,368.0766,123.9074,-260.9327,,107.5,,,
Cc1ccc(N)c(C)c1,384.8665,146.6283,157.1005,394.0,145.0,,,
Cc1ccc(N)cc1,358.1477,121.8771,157.8938,347.0,117.8,365.4030017656461,163.53605055940017,123.09216103361423
Cc1ccc(O)c(C)c1,390.0595,143.3396,-36.7858,396.0,147.8,396.84025233676147,-37.264321272269314,142.89501117126767
Cc1ccc(O)cc1,362.7857,117.5921,-33.5905,351.0,116.7,363.54494585909976,-33.442392324878874,117.71572696919743
Cc1ccc(O)cc1C,384.3505,141.2625,-41.4348,391.0,155.1,377.74014125168407,-31.144292988460542,142.21720391956688
Cc1ccc(cc1)C#N,369.0828,121.9184,241.5885,,152.3,,,
Cc1cccc(C)c1,380.0344,125.2553,118.3261,359.0,117.4,382.4689377672527,111.40113833962327,123.82854422064719
Cc1cccc(C)c1C,387.9383,144.1758,119.7588,387.0,146.1,388.5890748349414,121.2816664853602,147.55179803017498
Cc1cccc(C)c1N,376.5212,144.8506,163.8704,,147.6,,,
Cc1cccc(C)c1O,377.4745,139.7551,-37.7415,390.0,147.6,378.99939235835086,-36.7602262704702,142.35527576713557
Cc1cccc(C)n1,353.9098,119.1678,165.5977,356.0,113.5,366.99282771143817,162.2297621398626,119.77425269658502
Cc1cccc(C=C)c1,391.4033,137.9236,222.3996,383.0,134.1,,,
Cc1cccc(C=O)c1,387.0431,130.1137,24.1967,395.0,126.8,,,
Cc1cccc(Cl)c1,370.3025,114.7438,88.9366,338.0,113.5,363.7122588972662,89.16351443060007,114.34761068759781
Cc1cccc(Cl)c1C,378.2056,136.8272,84.2298,385.0,137.5,387.8757926579249,90.68446729370811,138.7654077303499
Cc1cccc(F)c1,364.1256,111.8701,-75.0108,339.0,107.4,362.5234553107453,-76.01561998443553,110.54017489100693
Cc1cccc(N)c1,361.4511,122.5687,165.5277,352.0,119.2,363.0782303373137,161.71658267993274,123.24696886270638
Cc1cccc(O)c1,369.1006,119.9085,-33.5486,356.0,116.4,359.4765956084784,-34.58973352133419,117.74501493686351
Cc1cccc(O)c1C,367.1166,138.92,-29.1424,,153.1,381.09406843342845,-32.201836648452336,142.3761957440399
Cc1cccc(S)c1,391.3556,125.7853,134.5696,,121.3,,,
Cc1ccccc1,335.1751,98.3671,115.7364,321.0,95.9,337.3208190170958,117.42585738433345,98.33964436039264
Cc1ccccc1C,354.4811,120.1605,114.0379,354.0,124.0,348.30659615239784,120.7911155786884,122.80346535233426
Cc1ccccc1C=C,381.9898,135.1492,220.329,379.0,133.6,380.27789628712253,213.9734997447763,136.69458816933465
Cc1ccccc1C=O,383.1972,128.7407,27.2388,,121.686,371.63045095102217,19.854683480749436,127.44795837761396
Cc1ccccc1Cl,347.7675,113.8287,92.8059,348.0,113.1,351.71855150079915,89.5074542480105,113.80787528346569
Cc1ccccc1F,343.9652,110.6647,-71.7283,339.0,108.3,344.18946202187396,-72.37930976628202,110.13851133444349
Cc1ccccc1N,347.6015,120.2687,172.2397,350.0,121.8,346.426173903584,164.36570692785955,121.93319431311349
Cc1ccccc1O,345.467,116.6124,-31.8747,,118.9,346.17916838907814,-32.73202580688351,117.22201551425488
Cc1ccccn1,303.28,92.2574,175.9724,325.0,91.7,329.9062069571475,174.25252876496825,93.92552923357573
Cc1cccnc1,320.6632,92.5042,181.4193,325.0,91.5,329.61561048676606,181.47789034584906,93.59917759386795
Cc1ccnc(C)c1,368.1479,117.7369,165.912,361.0,112.6,378.3829758667147,163.68570374802306,119.37258914002159
Cc1ccncc1,322.0889,93.2385,181.3086,319.0,91.4,334.9960473795637,177.62628954921632,93.56570563082099
Cc1ccncc1C,345.4108,115.895,178.5297,357.0,120.4,352.9689966779076,177.35928047831436,118.0839185627139
Cc1cocc1,308.1436,84.5649,-4.7433,310.0,81.8,308.23475753746766,-3.281521342560438,81.98440641657531
Cc1cscc1,325.0667,89.6785,114.5979,321.0,87.5,320.6863744843225,116.59986326703095,89.43191819452231
Cc1cscc1C,384.6316,116.5209,99.3849,,115.686,,,
Cc1occc1,306.1976,83.3126,-12.8536,309.0,81.4,308.3580410952026,-13.880643707689346,81.92583048124315
Cc1sc(C)c(C)c1,396.9265,141.6964,107.078,370.0,137.0,,,
Cc1sc(C)cc1,360.4804,116.8384,120.3422,,104.686,,,
Cc1sccc1,320.6496,89.1486,117.5737,321.0,87.0,322.11293883835555,116.49221797779136,89.36915826380928
Cc1sccc1C,358.8844,112.8252,112.8079,353.0,114.2,367.3491172606545,112.3657316134323,114.71161828573342
ClC(=O)c1ccccc1,374.905,117.9708,-44.48,370.0,112.8,374.64208672585625,-44.39348200463587,117.45657740809854
ClC(Cl)(Cl)c1ccccc1,403.4231,146.0477,106.7932,401.0,138.0,,,
ClC(Cl)=C(Cl)C(Cl)=C(Cl)Cl,485.8671,154.146,65.4947,466.0,152.7,,,
ClC(Cl)c1ccccc1,390.5096,126.1083,85.7772,386.0,120.9,,,
ClC/C=C/CCl,387.0028,103.0472,18.1904,393.0,102.8,,,
ClC1=C(Cl)C(Cl)(Cl)C(=C1Cl)Cl,434.8448,154.1186,101.8154,456.0,166.4,,,
ClC1CCCCC1,324.9,111.8876,-2.8063,,115.0,343.6170750943491,-10.737668050174472,111.85813343598069
ClCCCCCCCCCCCl,655.1227,244.2128,-26.9186,623.0,252.9,,,
ClCCCCCl,403.9243,110.3569,-71.8254,389.0,111.3,,,
ClCCOCCCl,436.4154,126.5408,-165.8863,423.0,121.5,,,
ClCc1ccccc1,363.1087,110.6752,94.1396,361.0,102.3,366.7519532145636,100.079832430985,110.81657673865928
Clc1c(Cl)c(Cl)c(Cl)c(Cl)c1Cl,466.9986,168.0368,18.9088,437.0,166.9,440.7360337815787,30.57303569784859,166.91951264821805
Clc1cc(Cl)cc(Cl)c1,405.865,124.469,45.5332,363.0,120.8,,,
Clc1ccc(Cl)c(Cl)c1,386.6065,120.789,27.9266,379.0,120.7,,,
Clc1ccc(Cl)cc1,386.3596,104.7371,38.3841,337.0,105.4,,,
Clc1cccc(Cl)c1,371.6026,104.8064,54.2672,,105.5,,,
Clc1cccc(Cl)c1Cl,364.9354,115.4062,40.6148,370.0,120.3,,,
Clc1ccccc1,317.9099,88.1455,86.1064,314.0,89.7,314.113082433077,97.57339075169662,88.83360685505804
Clc1ccccc1Cl,334.5107,104.6892,71.0727,342.0,105.3,343.0054127929843,78.28498887057229,104.45246161184238
Cn1cccc1,309.194,85.249,185.4603,308.0,82.5,314.2051933842665,181.3991040810691,85.32323473050886
FC(F)(F)c1ccccc1,384.4563,130.2393,-497.8099,373.0,122.0,387.96549295833574,-512.6784445578772,127.27641456699833
FC(F)=C(F)C(F)=C(F)F,414.014,130.1299,-903.1333,373.0,,,,
FC(F)=C(F)OC(F)(F)F,418.6382,129.239,-1229.6712,391.0,116.7,,,
FC1CCCCC1,325.3701,107.8294,-171.2472,,108.4,,,
Fc1c(F)c(F)c(Cl)c(F)c1F,402.2451,152.3652,-721.4878,,150.1,408.23990941650004,-734.1637177309357,150.53498673673465
Fc1c(F)c(F)c(F)c(F)c1F,398.5147,151.6833,-886.4161,382.0,146.7,384.43957883902493,-876.0422299858581,148.44298904630008
Fc1cc(F)c(F)c(F)c1,379.6602,127.2344,-594.1375,,122.5,,,
Fc1cc(F)c(F)c(F)c1F,391.7587,139.8021,-750.5534,,134.7,378.7399682016351,-734.8658329079605,135.0918597859468
Fc1cc(F)c(F)cc1F,367.8544,125.2438,-595.5082,,122.8,,,
Fc1cc(F)cc(F)c1,388.7471,116.2626,-440.6869,,110.3,,,
Fc1ccc(F)c(F)c1,359.3548,112.575,-434.283,,110.4,,,
Fc1ccc(F)c(F)c1F,373.8339,125.6625,-580.1469,,122.3,,,
Fc1ccc(F)cc1,353.0435,99.3666,-275.3405,314.0,98.1,,,
Fc1cccc(F)c1,349.7736,99.8891,-261.2774,320.0,98.0,,,
Fc1ccccc1,318.8123,85.8863,-70.5612,,85.9,302.33071797360736,-64.82271926227793,85.00106708618193
Fc1ccccc1F,328.2363,99.2954,-240.4249,321.0,98.5,321.2194861635273,-236.9031713011389,97.23088558446231
N#CC#CC#N,281.0083,70.537,470.8419,290.11,,251.59081926813553,516.608508112767,71.48676200597475
N#CCCC#N,340.9651,85.7461,228.806,327.0,85.7,329.6596179175418,250.8287278980444,86.66237140490198
N#CCc1ccccc1,376.6895,121.4357,256.5886,,119.3,,,
N#C\C=C/C#N,320.6112,77.5075,313.4697,,73.4,309.1905549233074,344.5632321364317,77.75857108189753
N#C\C=C\C#N,320.6112,77.5075,313.4697,,72.686,309.1905549233074,344.5632321364317,77.75857108189753
N#Cc1ccccc1,330.3861,97.4387,247.1718,321.0,100.7,323.71157071370595,254.85830276227375,97.88777285925877
N#Cc1cccnc1,322.6609,91.5775,318.094,,91.2,,,
N(N=Nc1ccccc1)c2ccccc2,501.9029,204.9943,631.6703,,192.686,,,
N(c1ccccc1)c2ccccc2,444.3813,173.5299,357.0828,,167.686,,,
NC(=O)c1ccccc1,373.8051,124.7085,-3.3263,364.0,119.2,,,
NC(CCC(O)=O)C(O)=O,487.2164,167.7908,-623.7412,510.0,165.9,,,
NC(Cc1ccccc1)C(O)=O,479.8459,183.7275,-135.7978,,181.686,472.3113890446265,-136.61999234328846,182.13329431060308
NC1CC1,283.5602,68.497,162.8439,285.0,80.5,279.72988924964227,163.44067705413255,67.45339045881694
NC1CCCCC1,326.0322,118.3136,93.2098,,124.9,339.8651001648494,88.76176242437428,118.31403830866172
NCCCCC(N)C(O)=O,516.5244,190.6106,-202.316,,189.686,,,
NCCCCCCN,480.6187,169.8538,143.1599,,175.686,,,
NCCCCCCO,479.7327,166.4606,-60.6733,,167.686,,,
NCCCCCN,438.7523,147.5445,135.6754,451.0,152.6,,,
NCCNCCN,422.0013,142.1764,215.3977,444.0,144.0,,,
NCCNCCNCCN,537.6729,205.0961,321.7143,,204.686,,,
NCCNCCO,416.1311,136.7079,8.1627,,136.7,,,
NCc1ccccc1,360.4586,117.7242,196.8253,359.0,117.8,360.62301034283655,195.76613499242697,117.37289750048116
NNc1ccccc1,349.3295,115.1367,336.8588,351.0,115.1,351.3776280930186,328.0203291549166,116.21393077998043
N[C@@H](Cc1ccccc1)C(O)=O,479.8459,183.7275,-135.7978,488.0,182.2,472.3113890446265,-136.61999234328846,182.13329431060308
Nc1cc(Cl)cc(Cl)c1,383.4711,130.568,107.4625,,131.3,,,
Nc1ccc(Cl)cc1,347.3623,113.3557,128.8144,356.0,116.6,,,
Nc1ccc(N)cc1,341.7663,120.7199,210.858,350.0,125.9,,,
Nc1ccc(Nc2ccccc2)cc1,472.5218,197.5391,401.0122,,194.686,,,
Nc1ccc(cc1)N=Nc2ccccc2,539.3575,209.9144,523.4485,,207.686,,,
Nc1ccc(cc1)c2ccc(N)cc2,452.0923,201.6967,368.4772,,207.686,,,
Nc1ccc(cc1)c2ccccc2,435.5632,179.1351,323.5505,,179.686,,,
Nc1cccc(N)c1,348.3314,123.4885,210.4151,,125.686,344.03976075914414,211.8613699237676,122.67376149552732
Nc1ccccc1,316.6944,98.2645,169.0496,319.0,100.6,316.87339715320957,168.34516556069724,97.74970101169008
Nc1ccccc1Cl,350.4128,113.4821,142.7581,356.0,116.7,,,
Nc1nc(N)nc(N)n1,356.6537,133.5128,248.0712,,131.686,,,
O(c1ccccc1)c2ccccc2,442.1573,175.8085,202.0219,417.0,162.9,,,
O=C(C(=O)c1ccccc1)c1ccccc1,528.4054,210.134,75.122,480.18,,,,
O=C(O)c1ccccc1,363.6525,116.2379,-210.6009,,95.156,362.27852928378366,-214.7571383981992,116.83734609172991
O=C(OCc1ccccc1)c2ccccc2,530.4754,219.261,-14.1765,545.0,182.5,,,
O=C(c1ccccc1)c2ccccc2,453.6153,180.921,166.6068,441.0,170.1,,,
O=C1C=CC(=O)C=C1,324.6666,98.8486,-73.3817,320.0,99.2,321.7349858162557,-63.76544668334686,98.32709237425003
O=C1CC1,267.8212,57.7093,39.4395,,56.0,265.6979552396174,53.24840142088483,57.34904161401806
O=C1CCC(=O)N1,350.7603,94.2232,-209.0901,320.0,111.9,,,
O=C1CCC(=O)O1,337.4999,87.0272,-418.0764,336.0,106.8,,,
O=C1CCC1,291.7719,71.2432,-22.2958,,66.0,298.93162025221125,-23.98236098675347,72.28172112833988
O=C1CCCC(=O)O1,345.2705,104.0803,-402.6252,,105.686,,,
O=C1CCCC1,289.5946,87.3219,-83.0321,315.0,87.0,308.7502574412358,-89.91036844263324,87.5114643147034
O=C1CCCCC1,304.7744,105.368,-100.9299,334.0,109.5,334.1770938804883,-92.36299712141118,105.16374082659014
O=C1CCCCCC1,349.7795,126.0965,-71.535,,129.466,362.72254796950705,-68.43235073596479,125.35570253466442
O=C1CCCCCCC1,383.0566,145.8002,-49.4479,,146.086,377.60805193175065,-47.99055291498958,144.76107311113532
O=C1CCCCCN1,363.0129,124.034,-67.3088,363.0,127.5,356.41778490916545,-64.23957247935198,122.55660962486299
O=C1CCCCCO1,346.2032,118.245,-236.1908,,113.686,,,
O=C1CCCN1,329.5756,84.2161,-106.6113,301.0,80.0,310.94699107972184,-89.05782779511811,83.65800456892296
O=C1CCCO1,306.7114,79.5188,-269.4607,306.0,78.2,306.81699932219277,-275.59205250077406,78.1686026292227
O=C1CCO1,292.2059,62.2375,-221.4076,286.0,63.0,285.19838573090215,-224.94705003221677,61.420069119603696
O=C1OC(=O)C=C1,305.2155,77.956,-355.6972,317.0,103.2,304.470564337297,-355.8847095888806,78.1686026292227
O=C1OCCO1,294.6532,62.1959,-423.7979,277.0,73.3,297.69878685053936,-426.42575420700734,69.6667240152967
O=C=NCCCCCCN=C=O,611.5662,202.9999,-90.2801,,193.686,,,
O=C=Nc1ccccc1,363.7332,113.055,71.6168,,107.686,,,
O=CC1CCC=CC1,362.5447,123.0607,13.6873,367.0,122.5,,,
O=CCCCC=O,417.5364,120.2313,-209.4105,,124.686,,,
O=CN1CCOCC1,357.9774,114.719,-166.212,,132.686,,,
O=CNc1ccccc1,380.0226,121.2178,39.8399,,105.686,,,
O=COCc1ccccc1,412.178,138.5735,-153.7658,,125.686,,,
O=Cc1ccc(C=O)cc1,406.4695,132.9057,-77.9875,,133.686,,,
O=Cc1ccccc1,346.1772,102.7775,18.9561,336.0,103.3,342.051256328293,18.761686275658352,102.72891366743931
O=Cc1occc1,323.8557,88.1673,-107.4721,333.0,90.0,325.6403778147829,-105.49606319506624,85.9678281716777
O=[S]1(=O)CCCC1,328.5174,107.2726,-213.1431,346.0,108.6,,,
O=c1occo1,282.9096,62.1825,-348.7194,,66.316,283.7677700141419,-347.53303222513244,64.03088223726601
OC(=O)c1ccccc1C=O,423.1969,150.5038,-313.1391,,125.686,,,
OC/C=C/CO,378.5449,111.1223,-187.839,383.0,101.8,,,
OC1=CC=CC1,307.2218,84.3521,26.7056,,86.64599999999999,303.3598445645716,29.303434976527786,84.6956354233785
OC1=CCC=C1,296.5743,85.5041,27.7789,,86.70599999999999,302.5108885132591,25.84309197258646,84.4111237374794
OC1C=CC=C1,297.9762,82.7114,49.9342,,83.126,,,
OC1CC1,279.1651,65.4953,-41.4444,,66.886,277.7221319130064,-31.909959038685223,64.62082558596855
OC1CCC1,302.6116,79.7261,-36.0164,,86.1,,,
OC1CCCC1,311.713,96.997,-99.6129,,96.8,326.8065115520113,-106.01034028434432,96.41500648519285
OC1CCCCC1,322.8332,115.3965,-111.4258,340.0,121.8,338.14857852940935,-116.98149146883343,115.44381747738551
OCC(O)C(O)C(O)C(O)CO,517.1631,219.409,-849.7625,,219.686,,,
OCC1CCCO1,359.4962,110.2681,-220.1581,,130.686,358.6234381982042,-220.03098562379188,110.44001715438107
OCC1CO1,303.1001,74.4955,-144.8855,322.0,77.0,,,
OCCCCCCO,478.8467,163.0673,-264.5065,,159.686,468.15003811619795,-263.5586438415772,163.12591960034476
OCCCCCO,436.9803,140.758,-271.9909,,137.2,427.8632028066241,-270.73809201442646,140.8040460908931
OCCCCO,395.1139,118.4487,-279.4754,379.0,114.8,382.24830577475046,-278.07600102089486,118.40686066458582
OCCCc1ccccc1,451.2686,159.0294,3.7924,447.0,156.2,,,
OCCN(CCO)CCO,504.725,190.9623,-304.7098,,188.686,,,
OCCN1CCNCC1,400.7052,150.1315,82.6793,,159.686,,,
OCCNCCO,410.261,131.2394,-199.0722,,133.0,,,
OCCOC(=O)C=C,425.799,134.6703,-355.1432,,137.686,,,
OCCOCCO,417.1907,130.139,-377.6721,,125.686,,,
OCCOCCOCCO,532.9266,187.9292,-458.1132,558.0,183.8,535.7021406157168,-476.2543684677372,190.85795728977516
OCCOCCOCCOCCO,648.6625,245.7193,-538.5543,,241.686,,,
OCCSCCO,446.6117,143.8374,-237.0789,451.0,135.0,,,
OCCc1ccccc1,404.7844,137.5987,-0.5578,405.0,132.7,,,
OC[C@@H]1CCCO1,359.4962,110.2681,-220.1581,374.0,131.3,358.6234381982042,-220.03098562379188,110.44001715438107
OC[C@H]1O[C@H](O[C@]2(CO)O[C@H](CO)[C@@H](O)[C@@H]2O)[C@H](O)[C@@H](O)[C@@H]1O,662.2145,375.0627,-1385.8405,,353.686,,,
OC\C=C/CO,378.5449,111.1223,-187.839,385.0,95.6,,,
OCc1ccccc1,354.8545,114.9209,-9.3744,369.0,103.3,358.8417639724526,-4.002713906763847,114.00896521426242
OCc1occc1,340.4155,99.6214,-130.4525,358.0,111.0,344.86916106708617,-131.40822468891994,98.49889433738066
Oc1c(F)c(F)c(F)c(F)c1F,417.3073,156.5528,-878.1233,,155.686,408.62261692175093,-864.9439976402266,155.08298971573936
Oc1ccc(C=C)cc1,374.0537,130.3023,64.0095,,133.686,,,
Oc1ccc(C=O)cc1,376.8665,121.9985,-128.0194,,125.686,,,
Oc1ccc(Cl)cc1,351.4298,109.1749,-70.8895,345.0,109.8,343.20319527543245,-52.95212714325164,108.2138734592437
Oc1ccc(O)cc1,335.2672,112.0794,-175.1431,348.0,115.3,331.9275245391329,-170.54213095068744,112.41042082625542
Oc1cccc(Cl)c1,351.0146,109.5454,-54.7965,,109.8,342.8597631440215,-55.23105658435353,108.15111352853067
Oc1cccc(O)c1,340.2781,115.0098,-185.8291,331.0,115.4,329.97260303088626,-178.41598972410736,111.67403763922245
Oc1cccc(O)c1O,327.5953,131.7036,-359.9584,,134.686,,,
Oc1ccccc1,312.4605,92.4378,-28.6704,315.0,95.4,312.68176376325283,-27.47018313347782,92.16825117361071
Oc1ccccc1C=O,376.5571,123.9756,-126.472,388.0,124.2,,,
Oc1ccccc1O,325.8037,115.1034,-188.3472,339.0,111.8,337.2239534990754,-181.61767579056595,111.72006158841202
SC1CCCCC1,339.4335,121.3069,54.4611,,117.1,353.7439204873518,49.30026200179075,121.89135435930478
SCCCc1ccccc1,466.0639,165.3138,164.5714,,170.3,,,
SCc1ccccc1,377.344,122.4071,147.8022,361.0,132.4,375.5783227617717,152.11225672158858,120.8749016342686
Sc1ccccc1,337.1544,99.8897,139.4775,337.0,96.5,335.76216542680936,145.422566128047,99.24338736266034
c1ccc(C(c2ccccc2)(c2ccccc2)c2ccccc2)cc1,602.1435,348.2071,674.0575,639.0,,,,
c1ccc(C(c2ccccc2)c2ccccc2)cc1,543.8612,258.3926,450.001,541.0,,,,
c1ccc(cc1)C(C(c2ccccc2)c3ccccc3)c4ccccc4,690.7766,362.4273,614.3575,,347.686,,,
c1ccc(cc1)C(c2ccccc2)(c3ccccc3)c4ccccc4,602.1435,348.2071,674.0575,,323.686,,,
c1ccc(cc1)C(c2ccccc2)=C(c3ccccc3)c4ccccc4,732.6939,360.3649,687.1471,,356.686,,,
c1ccc(cc1)C(c2ccccc2)c3ccccc3,543.8612,258.3926,450.001,,246.686,,,
c1ccc(cc1)C=C(c2ccccc2)c3ccccc3,602.4266,273.778,535.5112,,273.686,,,
c1ccc(cc1)\C=C/c2ccccc2,475.2025,189.5174,367.1727,,182.686,,,
c1ccc(cc1)\C=C\c2ccccc2,475.2025,189.5174,367.1727,,186.686,,,
c1ccc(cc1)c2ccc(cc2)c3ccccc3,528.634,238.3585,445.3991,,238.686,,,
c1ccc(cc1)c2cccc(c2)c3ccccc3,536.8185,239.8055,454.0037,,237.686,,,
c1ccc(cc1)c2ccccc2,419.034,156.5735,278.6238,,151.686,,,
c1ccc(cc1)c2ccccc2c3ccccc3,544.6209,241.8388,425.7161,,237.686,,,
